_type,part_number,name,sku,type,tab,host,page_title,breadcrumbs,url,image,store_name,motherboard,specification
Host,,SYS-5019S-M,SuperServer 5019S-M,,,SYS-5019S-M,"5019S-M | 1U | SuperServers | Products | Super Micro Computer, Inc.",Products>Systems>1U>5019S-M,https://www.supermicro.com/en/products/system/1U/5019/SYS-5019S-M.cfm,/a_images/products/SuperServer/1U/SYS-5019S-M.jpg,SuperMicro,Super X11SSH-F ,"{""CPU"": [""Single Socket H4 (LGA 1151) supports:"", ""Intel\u00ae Xeon\u00ae processor E3-1200 v6/v5, Intel\u00ae 7th/6th Gen Core\u2122 i3"", ""CPU TDP up to 80W"", ""4x 288-pin DDR4 DIMM slots"", ""Up to 64GB DDR4 \nECC UDIMM"", ""2400/2133/1866/1600MHz \nECC DDR4 SDRAM 72-bit, \n288-pin \n(UDIMM) gold-plated DIMMs"", ""16GB, 8GB, 4GB"", ""1.2 V"", ""Corrects single-bit errors"", ""Detects double-bit errors (using ECC memory)"", ""Intel\u00ae C236 chipset"", ""SATA3 (6Gbps) via C236 controller"", ""RAID 0, 1, 5, 10 support"", ""Support for Intelligent Platform Management Interface v.2.0"", ""IPMI 2.0 with virtual media over LAN and KVM-over-LAN support"", ""ASPEED AST2400 BMC"", ""Dual Intel\u00ae I210-AT Gigabit Ethernet LAN ports"", ""Supports 10BASE-T, 100BASE-TX, and 1000BASE-T, RJ45 output"", ""ASPEED AST2400 BMC"", ""8 SATA3 (6Gbps) ports"", ""2 RJ45 Gigabit Ethernet LAN ports"", ""1 RJ45 Dedicated IPMI LAN port"", ""5 USB 3.0 ports (2 rear + 2 headers + 1 Type A)"", ""6 USB 2.0 ports (2 rear + 4 headers)"", ""1 VGA port"", ""2 COM ports (1 rear, 1 front)"", ""2 SuperDOM (Disk on Module) ports with built-in power"", ""Monitors for CPU Cores, +3.3V, +5V, +12V, +5V Standby, VBAT, HT, Memory, Chipset Voltages."", ""Total of 5 fan headers supporting up to 5 fans"", ""4 fans with tachometer status monitoring"", ""Status monitor for speed control"", ""Status monitor for on/off control"", ""Low noise fan speed control"", ""Pulse Width Modulated (PWM) fan connectors"", ""Monitoring for CPU and chassis environment"", ""CPU thermal trip support"", ""I2C temperature sensing logic"", ""Thermal Monitor 2 (TM2) support"", ""PECI"", ""System Information LED"", ""Suspend static indicator LED"", ""UID/Remote UID"", ""Chassis intrusion detection"", ""Chassis intrusion header"", ""RoHS, Halogen Free"", ""1U Rackmount"", ""CSE-813MFTQC-350CB"", ""1.7\"" (43mm)"", ""17.2\"" (437mm)"", ""19.85\"" (503mm)"", ""8.5\"" (H) x 24\"" (W) x 29.5\"" (D)"", ""Gross Weight: 30.4 lbs (13.8 kg)"", ""Net Weight: 17.6 lbs (8 kg)"", ""Black"", ""Power On/Off button"", ""System Reset button"", ""Power LED"", ""Hard drive activity LED"", ""2 Network activity LEDs"", ""System Information LED"", ""1 PCI-E 3.0 x8 (in x16) AOC slot"", ""1x M.2 Interface: PCI-E 3.0 x2"", ""Form Factor: 2280"", ""Key: M-Key"", ""Double Height Connector"", ""4 Hot-swap 3.5\"" SATA3 drive bays"", ""2 Fixed 2.5\"" internal drives"", ""4x 40x28mm 4-pin PWM Cooling Fans"", ""Optional 1x 40x28mm PWM fan"", ""100-240 V, 50-60 Hz, 5.0-2.5 Amp"", ""Max.: 15 Amp"", ""Min.: 0.2 Amp"", ""Max.: 3 Amp"", ""Min.: 0 Amp"", ""Max.: 29 Amp"", ""Min.: 0.5 Amp"", ""Max.: 0.2 Amp"", ""Min.: 0 Amp"", ""Max.: 12 Amp"", ""Min.: 0.2 Amp"", ""8MB SPI Flash EEPROM with AMI BIOS"", ""RoHS Compliant"", ""Operating Temperature:  \n\u00a0\u00a0 10\u00b0C to 35\u00b0C (50\u00b0F to 95\u00b0F)"", ""Non-operating Temperature: \n\u00a0\u00a0 -40\u00b0C to 70\u00b0C (-40\u00b0F to 158\u00b0F)"", ""Operating Relative Humidity: \n\u00a0\u00a0 8% to 90% (non-condensing)"", ""Non-operating Relative Humidity: \n\u00a0\u00a0 5% to 95% (non-condensing)""], ""Memory Capacity"": [""4x 288-pin DDR4 DIMM slots"", ""Up to 64GB DDR4 \nECC UDIMM""], ""Memory Type"": [""2400/2133/1866/1600MHz \nECC DDR4 SDRAM 72-bit, \n288-pin \n(UDIMM) gold-plated DIMMs""], ""DIMM Sizes"": [""16GB, 8GB, 4GB""], ""Memory Voltage"": [""1.2 V""], ""ECC"": [""Corrects single-bit errors"", ""Detects double-bit errors (using ECC memory)""], ""Chassis Form Factor"": [""1U Rackmount""]}"
Host,,SYS-5019C-M4L,SuperServer 5019C-M4L,,,SYS-5019C-M4L,"5019C-M4L | 1U | SuperServers | Products | Super Micro Computer, Inc.",Products>Systems>1U>5019C-M4L,https://www.supermicro.com/en/products/system/1U/5019/SYS-5019C-M4L.cfm,/a_images/products/SuperServer/1U/SYS-5019C-M4L.jpg,SuperMicro,Super X11SCL-LN4F ,"{""CPU"": [""Single Socket H4 (LGA 1151),CPU TDP support up to 95W"", ""Support Intel\u00ae Xeon\u00ae processor E-2100 / E-2200 series, 8th/9th Gen. Intel\u00ae Core\u2122 i3 / Pentium\u00ae / Celeron\u00ae Processors"", ""8 cores, 16 threads"", ""BIOS 1.0b or above is required to support Intel\u00ae Xeon\u00ae processor E-2200 series"", ""4 DIMM slots"", ""Up to 128GB Unbuffered ECC UDIMM"", ""Up to DDR4-2666MHz"", ""2666/2400/2133MHz ECC DDR4 SDRAM"", ""32GB, 16GB, 8GB, 4GB"", ""Intel\u00ae C242 chipset"", ""SATA3 (6Gbps) via Intel C242 controller"", ""RAID 0, 1, 5, 10 support"", ""ASPEED AST2500"", ""Quad LAN with Intel\u00ae I210-AT"", ""ASPEED AST2500 BMC"", ""6 SATA3 (6Gbps) ports; RAID 0, 1, 5, 10"", ""4 RJ45 Gigabit Ethernet LAN ports"", ""1 RJ45 Dedicated IPMI LAN port"", ""2 USB 3.1 ports (rear)"", ""2 USB 2.0 ports (rear)"", ""1 VGA port"", ""1 COM port (header)"", ""1 TPM 2.0 Header"", ""UEFI 256Mb"", ""ACPI 6.0"", ""SMBIOS 2.7"", ""Plug and Play (PnP)"", ""RTC (Real Time Clock) Wakeup"", ""UEFI 2.7"", ""USB Keyboard support"", ""PCI 3.0"", ""Intel\u00ae Node Manager"", ""IPMI 2.0"", ""NMI"", ""SSM, SPM, SUM"", ""Watch Dog"", ""SuperDoctor\u00ae 5"", ""1U Rackmount"", ""CSE-512F-350B1"", ""1.7\"" (43mm)"", ""17.2\"" (437mm)"", ""14.5\"" (368mm)"", ""6.3\"" (H) x 22\"" (W) x 20\"" (D)"", ""Gross Weight: 17 lbs (7.71 kg)"", ""Net Weight: 11 lbs (4.99 kg)"", ""Black"", ""Power On/Off button"", ""System Reset button"", ""Power LED"", ""Hard drive activity LED"", ""Network activity LEDs"", ""System Information LED"", ""1 PCI-E 3.0 x16 slot"", ""M.2 Interface: 1 PCI-E 3.0 x4"", ""M.2 Form Factor: 2280/22110"", ""M.2 Key: M-Key"", ""2x 3.5\"" or 3x 2.5\"" drive bays with optional converter kits"", ""2x 4cm counter-rotating PWM fan"", ""100-240 V, 50-60 Hz, 5.0-2.5 Amp"", ""Max.: 15 Amp"", ""Min.: 0.2 Amp"", ""Max.: 3 Amp"", ""Min.: 0 Amp"", ""Max.: 29 Amp"", ""Min.: 0.5 Amp"", ""Max.: 0.2 Amp"", ""Min.: 0 Amp"", ""Max.: 12 Amp"", ""Min.: 0.2 Amp"", ""Monitors for CPU Cores, +3.3V, +5V, +12V, +5V Standby, VBAT, HT, Memory, Chipset Voltages."", ""6x 4-pin fan headers (up to 6 fans), 6 fans with tachometer status monitoring, Fan speed control, Overheat LED indication, Thermal control tachometer fan connectors"", ""Monitoring for CPU and chassis environment, CPU thermal trip support, Thermal Monitor 2 (TM2) support, PECI"", ""RoHS Compliant"", ""Operating Temperature:  \n\u00a0\u00a0 10\u00b0C to 35\u00b0C (50\u00b0F to 95\u00b0F)"", ""Non-operating Temperature: \n\u00a0\u00a0 -40\u00b0C to 70\u00b0C (-40\u00b0F to 158\u00b0F)"", ""Operating Relative Humidity: \n\u00a0\u00a0 8% to 90% (non-condensing)"", ""Non-operating Relative Humidity: \n\u00a0\u00a0 5% to 95% (non-condensing)""], ""Memory Capacity"": [""4 DIMM slots"", ""Up to 128GB Unbuffered ECC UDIMM"", ""Up to DDR4-2666MHz""], ""Memory Type"": [""2666/2400/2133MHz ECC DDR4 SDRAM""], ""DIMM Sizes"": [""32GB, 16GB, 8GB, 4GB""], ""Chassis Form Factor"": [""1U Rackmount""]}"
Host,,SYS-1019C-HTN2,SuperServer 1019C-HTN2,,,SYS-1019C-HTN2,"1019C-HTN2 | 1U | SuperServers | Products | Super Micro Computer, Inc.",Products>Systems>1U>1019C-HTN2,https://www.supermicro.com/en/products/system/1U/1019/SYS-1019C-HTN2.cfm,/a_images/products/SuperServer/1U/SYS-1019C-HTN2.jpg,SuperMicro,Super X11SCZ-F ,"{""CPU"": [""Single Socket H4 (LGA 1151),CPU TDP support up to 80W"", ""Support Intel\u00ae Xeon\u00ae processor E-2100 / E-2200 series, 8th/9th Gen. Intel\u00ae Core\u2122 i9/i7/i5/i3 Processors, Intel\u00ae Celeron\u00ae, Intel\u00ae Pentium\u00ae"", ""A graphic integrated CPU is required to have onboard video from the DVI and DP ports"", ""4 DIMM slots"", ""Up to 128GB Unbuffered ECC/non-ECC UDIMM"", ""Up to DDR4-2666MHz"", ""2666/2400/2133MHz ECC DDR4 SDRAM"", ""32GB, 16GB, 8GB, 4GB"", ""Intel\u00ae C246 chipset"", ""SATA3 (6Gbps) via Intel C246 controller"", ""RAID 0, 1 support"", ""Support for Intelligent Platform Management Interface v.2.0"", ""IPMI 2.0 with virtual media over LAN and KVM-over-LAN support"", ""ASPEED AST2500 BMC"", ""Single LAN with Intel\u00ae I210-AT"", ""Single LAN with Intel\u00ae PHY I219LM"", ""ASPEED AST2500 BMC and Intel HD Graphics"", ""ALC 888S 7.1 HD Audio"", ""2 SATA3 (6Gbps) ports; RAID 0, 1"", ""2 RJ45 Gigabit Ethernet LAN ports"", ""1 RJ45 Dedicated IPMI LAN port"", ""3 USB 3.1 ports (3 Type A and 1 Type C)"", ""2 DP (DisplayPort): 1 DVI-I, 1 VGA D-Sub Connector port"", ""3 independent displays"", ""MIC-in and LINE-out"", ""TPM Header \"" Chip"", ""AMI UEFI"", ""IPMI 2.0 with KVM support"", ""Watch Dog"", ""SuperDoctor\u00ae 5"", ""1U Rackmount"", ""CSE-510FT-203B"", ""1.7\"" (43mm)"", ""17.2\"" (437mm)"", ""11.3\"" (287mm)"", ""6.1\"" (H) x 25.4\"" (W) x 19.8\"" (D)"", ""Gross Weight: 14.1 lbs (6.4 kg)"", ""Net Weight: 10.0 lbs (4.54 kg)"", ""Black"", ""Power On/Off button"", ""System Reset button"", ""Power LED"", ""Hard drive activity LED"", ""2 Network activity LEDs"", ""System Information LED"", ""1 PCI-E 3.0 x16 (HHHL) slot"", ""M.2 Interface: 1 SATA/PCI-E 3.0 x4"", ""M.2 Form Factor: 2280/22110"", ""M.2 Key: M-Key"", ""2 Hot-swap 2.5\"" SATA3 drive bays(maximum 12mm-thick drive)"", ""4x 40x28mm 4-pin PWM fans"", ""100 - 240V, 50-60Hz, 2.6 Amp Max"", ""8.0 Amp (max.)"", ""2.0 Amp (max.)"", ""16 Amp (max.)"", ""0.5 Amp (max.)"", ""8.0 Amp (max.)"", ""Monitors for CPU Cores, +3.3V, +5V, +12V, +5V Standby, VBAT, HT, Memory, Chipset Voltages."", ""Total of 6 fan headers supporting up to 6 fans"", ""6 fans with tachometer status monitoring"", ""Status monitor for speed control"", ""Status monitor for on/off control"", ""Low noise fan speed control"", ""Pulse Width Modulated (PWM) fan connectors"", ""Monitoring for CPU and chassis environment"", ""CPU thermal trip support"", ""I2C temperature sensing logic"", ""Thermal Monitor 2 (TM2) support"", ""PECI"", ""RoHS Compliant"", ""Operating Temperature:  \n\u00a0\u00a0 10\u00b0C to 40\u00b0C (50\u00b0F to 104\u00b0F)"", ""Non-operating Temperature: \n\u00a0\u00a0 -40\u00b0C to 70\u00b0C (-40\u00b0F to 158\u00b0F)"", ""Operating Relative Humidity: \n\u00a0\u00a0 8% to 90% (non-condensing)"", ""Non-operating Relative Humidity: \n\u00a0\u00a0 5% to 95% (non-condensing)""], ""Memory Capacity"": [""4 DIMM slots"", ""Up to 128GB Unbuffered ECC/non-ECC UDIMM"", ""Up to DDR4-2666MHz""], ""Memory Type"": [""2666/2400/2133MHz ECC DDR4 SDRAM""], ""DIMM Sizes"": [""32GB, 16GB, 8GB, 4GB""], ""Chassis Form Factor"": [""1U Rackmount""]}"
Host,,SYS-1029GP-TR,SuperServer 1029GP-TR,,,SYS-1029GP-TR,"1029GP-TR | 1U | SuperServers | Products | Super Micro Computer, Inc.",Products>Systems>GPU>1029GP-TR,https://www.supermicro.com/en/products/system/1U/1029/SYS-1029GP-TR.cfm,/a_images/products/SuperServer/1U/SYS-1029GP-TR.jpg,SuperMicro,Super X11DPG-SN ,"{""CPU"": [""Dual Socket P (LGA 3647)"", ""2nd Gen Intel\u00ae Xeon\u00ae Scalable Processors and Intel\u00ae Xeon\u00ae Scalable Processors\u2021,3 UPI up to 10.4GT/s"", ""Support CPU TDP 70-165W*"", ""Up to 28 Cores"", ""3 Double-Width/Single-Width PCI-E 3.0 x16 Card (Full Height Full Length)"", ""4 Single-Width GPUs"", ""NVIDIA V100, M10, T4, Quadro RTX"", ""Compatible GPU list"", ""PCI-E Gen 4 x16 Direct Connect CPU-GPU Dual-Root"", ""16 DIMM slots"", ""Up to 4TB 3DS ECC DDR4-2933MHz\u2020 RDIMM/LRDIMM"", ""Supports Intel\u00ae Optane\u2122 DCPMM\u2020\u2020"", ""2933\u2020/2666/2400/2133MHz ECC DDR4 RDIMM/LRDIMM"", ""Intel\u00ae C621 chipset"", ""SATA3 (6Gbps) with RAID 0, 1, 5, 10"", ""Support for Intelligent Platform Management Interface v.2.0"", ""IPMI 2.0 with virtual media over LAN and KVM-over-LAN support"", ""ASPEED AST2500 BMC"", ""1 RJ45 Dedicated IPMI LAN port"", ""2 USB 3.0 ports (rear)"", ""1 VGA port"", ""1 Fast UART 16550 header"", ""AMI 32Mb SPI Flash ROM"", ""Intel\u00ae Node Manager"", ""IPMI 2.0"", ""KVM with dedicated LAN"", ""SSM, SPM, SUM"", ""SuperDoctor\u00ae 5"", ""Watch Dog"", ""ACPI / APM Power Management"", ""Monitors for CPU Cores, Chipset Voltages, Memory."", ""4+1 Phase-switching voltage regulator"", ""Fans with tachometer monitoring"", ""Status monitor for speed control"", ""Pulse Width Modulated (PWM) fan connectors"", ""Monitoring for CPU and chassis environment"", ""Thermal Control for fan connectors"", ""1U Rackmount"", ""CSE-118GH-R1K66B2"", ""1.7\"" (43mm)"", ""17.2\"" (437mm)"", ""30.6\"" (777mm)"", ""Net Weight: 45 lbs (15.9 kg)"", ""Gross Weight: 58 lbs (21.8 kg)"", ""Black"", ""Power On/Off button"", ""System Reset button"", ""Power LED"", ""Hard drive activity LED"", ""Network activity LEDs"", ""System Overheat LED / Fan fail LED / UID LED"", ""4 PCI-E 3.0 x16 (FHFL) slots - supporting up to 4 GPUs"", ""1 PCI-E 3.0 x8 (in x16, LP) slot"", ""4 Hot-swap 2.5\"" drive bays"", ""10 Heavy duty 4cm counter-rotating fans with air shroud & optimal fan speed control"", ""1000W: 100 \u2013 127Vac"", ""1600W: 200 \u2013 240Vac"", ""73.5 x 40 x 265 mm"", ""100-127Vac / 12.9A Max / 50-60Hz"", ""200-240Vac / 9.5A Max / 50-60Hz"", ""Max: 82A / Min: 0.1A (100-127Vac)"", ""Max: 132A / Min: 0.1A (200-240Vac)"", ""Max: 2A / Min: 0.2A"", ""25 Pairs Gold Finger Connector"", ""RoHS Compliant"", ""Operating Temperature:  \n\u00a0\u00a0 10\u00b0C ~ 35\u00b0C (50\u00b0F ~ 95\u00b0F)"", ""Non-operating Temperature: \n\u00a0\u00a0 -40\u00b0C to 60\u00b0C (-40\u00b0F to 140\u00b0F)"", ""Operating Relative Humidity: \n\u00a0\u00a0 8% to 90% (non-condensing)"", ""Non-operating Relative Humidity: \n\u00a0\u00a0 5% to 95% (non-condensing)""], ""Memory Capacity"": [""16 DIMM slots"", ""Up to 4TB 3DS ECC DDR4-2933MHz\u2020 RDIMM/LRDIMM"", ""Supports Intel\u00ae Optane\u2122 DCPMM\u2020\u2020""], ""Memory Type"": [""2933\u2020/2666/2400/2133MHz ECC DDR4 RDIMM/LRDIMM""], ""Chassis Form Factor"": [""1U Rackmount""]}"
Host,,SYS-5019D-FN8TP,SuperServer 5019D-FN8TP,,,SYS-5019D-FN8TP,"5019D-FN8TP | 1U | SuperServers | Products | Super Micro Computer, Inc.",Products>Systems>1U>5019D-FN8TP,https://www.supermicro.com/en/products/system/1U/5019/SYS-5019D-FN8TP.cfm,/a_images/products/superserver/1U/SYS-5019D-FN8TP.jpg,SuperMicro,Super X11SDV-8C-TP8F ,"{""CPU"": [""Intel\u00ae Xeon\u00ae processor D-2146NT,\nCPU TDP support 80W"", ""8 Cores, 16 Threads"", ""Up to 512GB DDR4 ECC LRDIMM"", ""Up to 256GB DDR4 ECC RDIMM"", ""4 DIMM slots"", ""2666/2400/2133MHz ECC DDR4 ECC LRDIMM and ECC RDIMM"", ""128GB, 64GB, 32GB, 16GB"", ""1.2 V"", ""Corrects single-bit errors"", ""Detects double-bit errors\n\u00a0 (using ECC memory)"", ""SATA3 (6Gbps) ports via SoC controller"", ""Dual 10G SFP+ via SoC"", ""Quad 1GbE with Intel I350-AM4"", ""Dual 10GBase-T with Intel X557"", ""Support for Intelligent Platform Management Interface v.2.0"", ""IPMI 2.0 with virtual media over LAN and KVM-over-LAN support"", ""Aspeed AST2500 BMC"", ""4 SATA3 (6Gbps) ports (SATA/SAS HDD/SSD)"", ""2 10G SFP+ ports"", ""4 RJ45 1GbE LAN ports"", ""2 RJ45 10GBase-T LAN ports"", ""1 RJ45 Dedicated IPMI LAN port"", ""2 USB 3.0 ports (rear)"", ""1 VGA port"", ""TPM 2.0 header"", ""1U Rackmount"", ""CSE-505-203B"", ""1.7\"" (43mm) / 6.1\"" (155mm) - pkg."", ""17.2\"" (437mm) / 25.8\"" (655mm) - pkg."", ""9.8\"" (249mm) / 18.3\"" (465mm) - pkg."", ""Net Weight: 8 lbs (3.63 kg)"", ""Gross Weight: 12 lbs (5.44 kg)"", ""Black"", ""Power On/Off button"", ""System Reset button"", ""Power LED"", ""Hard drive activity LED"", ""Network activity LEDs"", ""System Information LED"", ""Information LED (temp., status)"", ""1 PCI-E 3.0 x8 slot"", ""1 Mini-PCI-E with mSATA Support"", ""1 M.2 slot M key for SSD, 2242/8"", ""1 M.2 B Key for SSD/ WAN card"", ""1 Internal 3.5\"" or 4 Internal 2.5\"" drive bays"", ""3x 40x28mm 4-PIN PWM fans"", ""100 - 240V, 50-60Hz, 2.6 Amp Max"", ""8.0 Amp (max.)"", ""2.0 Amp (max.)"", ""16 Amp (max.)"", ""0.5 Amp (max.)"", ""8.0 Amp (max.)"", ""128Mb SPI Flash with AMI BIOS"", ""PCI 3.0"", ""ACPI 5.0"", ""USB Keyboard support"", ""Hardware BIOS Virus protection"", ""SMBIOS 2.8"", ""UEFI 2.4"", ""RTC (Real Time Clock) Wakeup"", ""RoHS Compliant"", ""Operating Temperature:  \n\u00a0\u00a0 0\u00b0C to 40\u00b0C (32\u00b0F to 104\u00b0F)"", ""Non-operating Temperature: \n\u00a0\u00a0 -40\u00b0C to 70\u00b0C (-40\u00b0F to 158\u00b0F)"", ""Operating Relative Humidity: \n\u00a0\u00a0 8% to 90% (non-condensing)"", ""Non-operating Relative Humidity: \n\u00a0\u00a0 5% to 95% (non-condensing)""], ""Memory Capacity"": [""Up to 512GB DDR4 ECC LRDIMM"", ""Up to 256GB DDR4 ECC RDIMM"", ""4 DIMM slots""], ""Memory Type"": [""2666/2400/2133MHz ECC DDR4 ECC LRDIMM and ECC RDIMM""], ""DIMM Sizes"": [""128GB, 64GB, 32GB, 16GB""], ""Memory Voltage"": [""1.2 V""], ""ECC"": [""Corrects single-bit errors"", ""Detects double-bit errors\n\u00a0 (using ECC memory)""], ""Chassis Form Factor"": [""1U Rackmount""]}"
Host,,SSG-5019D8-TR12P,SuperStorage 5019D8-TR12P,,,SSG-5019D8-TR12P,"5019D8-TR12P | SuperStorage | Products | Super Micro Computer, Inc.",(Complete System Only)>Products>Systems>SuperStorage>5019D8-TR12P,https://www.supermicro.com/en/products/system/1U/5019/SSG-5019D8-TR12P.cfm,/a_images/products/superserver/1U/SSG-5018A-AR12L.jpg,SuperMicro,Super X11SDV-8C-TP8F ,"{""CPU"": [""Intel\u00ae Xeon\u00ae processor D-2146NT,\nCPU TDP support 80W"", ""8 Cores, 16 Threads"", ""Up to 512GB DDR4 ECC LRDIMM"", ""Up to 256GB DDR4 ECC RDIMM"", ""4 DIMM slots"", ""2666/2400/2133MHz ECC DDR4 L/RDIMM"", ""Operating speed up to 2133MHz"", ""128GB, 64GB, 32GB, 16GB"", ""1.2 V"", ""Corrects single-bit errors"", ""Detects double-bit errors\n\u00a0 (using ECC memory)"", ""SATA3 (6Gbps) ports via SoC controller"", ""Dual 10G SFP+ via SoC"", ""Quad 1GbE with Intel I350-AM4"", ""Dual 10GBase-T with Intel X557"", ""Support for Intelligent Platform Management Interface v.2.0"", ""IPMI 2.0 with virtual media over LAN and KVM-over-LAN support"", ""Aspeed AST2500 BMC"", ""12 SATA3 (6Gbps) ports (HDD/SSD)"", ""2 10G SFP+ ports"", ""4 RJ45 1GbE LAN ports"", ""2 RJ45 10GBase-T LAN ports"", ""1 RJ45 Dedicated IPMI LAN port"", ""2 USB 3.0 ports (rear)"", ""1 VGA port"", ""TPM 2.0 header"", ""1U Rackmount"", ""CSE-801LTS-R407CP"", ""1.7\"" (43mm)"", ""17.2\"" (437mm)"", ""32\"" (813mm)"", ""32 lbs (14.5kg)"", ""Black"", ""Power On/Off button"", ""System Reset button"", ""Power LED"", ""Hard drive activity LED"", ""Network activity LEDs"", ""System Information LED"", ""Information LED (temp., status)"", ""1 PCI-E 3.0 x8 slot"", ""1 Mini-PCI-E with mSATA Support"", ""M.2 Interface: 1 PCI-E 3.0 x4 and 1 SATA/PCI-E 3.0 x2"", ""Form Factor: 2242/2280"", ""Key: M-Key, B-Key"", ""12 Hot-swap 3.5\"" SATA3 drive bays"", ""Optional AOC-S3216L-L16iT: support 12x 3.5\"" SAS3 + 2x SSD or one NVMe U.2"", ""6x 4cm 4-pin fans"", ""400W"", ""54.5 x 40 x 220 mm"", ""100 - 240Vac / 6.0 - 3.0A / 50-60Hz"", ""200 - 240Vdc / 3.4 - 3.2A (CCC Only)"", ""Max: 33A / Min: 0.5A"", ""Max: 3A / Min: 0A"", ""Gold Finger Connector Mating with Molex 45984-4343"", ""128Mb SPI Flash with AMI BIOS"", ""PCI 3.0"", ""ACPI 5.0"", ""USB Keyboard support"", ""Hardware BIOS Virus protection"", ""SMBIOS 2.8"", ""UEFI 2.4"", ""RTC (Real Time Clock) Wakeup"", ""RoHS Compliant"", ""Operating Temperature:  \n\u00a0\u00a0 10\u00b0C to 35\u00b0C (50\u00b0F to 95\u00b0F)"", ""Non-operating Temperature: \n\u00a0\u00a0 -40\u00b0C to 70\u00b0C (-40\u00b0F to 158\u00b0F)"", ""Operating Relative Humidity: \n\u00a0\u00a0 8% to 90% (non-condensing)"", ""Non-operating Relative Humidity: \n\u00a0\u00a0 5% to 95% (non-condensing)""], ""Memory Capacity"": [""Up to 512GB DDR4 ECC LRDIMM"", ""Up to 256GB DDR4 ECC RDIMM"", ""4 DIMM slots""], ""Memory Type"": [""2666/2400/2133MHz ECC DDR4 L/RDIMM"", ""Operating speed up to 2133MHz""], ""DIMM Sizes"": [""128GB, 64GB, 32GB, 16GB""], ""Memory Voltage"": [""1.2 V""], ""ECC"": [""Corrects single-bit errors"", ""Detects double-bit errors\n\u00a0 (using ECC memory)""], ""Chassis Form Factor"": [""1U Rackmount""]}"
Host,,AS-1013S-MTR,A+ Server 1013S-MTR,,,AS-1013S-MTR,"1013S-MTR | 1U | A+ Servers | Products | Super Micro Computer, Inc.",,https://www.supermicro.com/en/Aplus/system/1U/1013/AS-1013S-MTR.cfm,/a_images/products/Aplus/system/1U/AS-1013S-MTR.jpg,SuperMicro,H11SSL-i,"{""CPU"": [""Single AMD EPYC\u2122 7001/7002* series Processor (*Board revision 2.x required)"", ""Socket SP3"", ""Supports CPU TDP 225W / cTDP up to 240W*"", ""Up to 32 Cores (Board revision 1.x + 7001 Processors)"", ""Up to 64 Cores (Board revision 2.x + 7002 Processors)"", ""System on Chip (SoC)"", ""8 DIMM slots"", ""Supports up to 1TB Registered ECC DDR4 2666MHz SDRAM (7001 Processors)"", ""Supports up to 2TB Registered ECC DDR4 3200MHz SDRAM (Board revision 2.x required + 7002 Processors)"", ""8-channel memory bus"", ""DDR4 2666 MHz Registered ECC, 288-pin gold-plated DIMMs"", ""DDR4 3200 MHz Registered ECC, 288-pin gold-plated DIMMs (Board revision 2.x required + 7002 Processors)"", ""4GB, 8GB, 16GB, 32GB, 64GB, 128GB, 256GB* \n(* Board revision 2.x required + 7002 Processors)"", ""1.2V"", ""Corrects single-bit errors"", ""Detects double-bit errors (using ECC memory)"", ""SATA3 (6 Gbps)"", ""Support for Intelligent Platform Management Interface v.2.0"", ""IPMI 2.0 with virtual media over LAN and KVM-over-LAN support"", ""ASPEED AST2500 BMC"", ""Intel\u00ae I210 Controller"", ""ASPEED AST2500 BMC"", ""1 PCI-E 3.0 x16 (FH/HL) slot"", ""Interface: PCI-E 3.0 x4 (NVMe based)"", ""Form Factor: 2280, 22110"", ""Key: Onbard M-key"", ""Number of M.2: Single"", ""4 SATA3 (6 Gbps) ports"", ""2x 1GbE LAN ports"", ""1 RJ45 Dedicated IPMI LAN port"", ""5 USB 3.0 ports (2 rear + 2 via header + 1 Type A)"", ""4 USB 2.0 ports (2 rear, 2 via header)"", ""1 VGA port"", ""1 COM port (rear)"", ""2 SATA DOM power connector"", ""TPM 1.2 header"", ""AMI 128Mb SPI Flash EEPROM"", ""Plug and Play (PnP)"", ""DMI 2.3"", ""PCI 2.2"", ""ACPI 5.1"", ""USB Keyboard Support"", ""SMBIOS 3.1.1"", ""1U"", ""CSE-813MFTQC-R407CB"", ""1.7\"" (43mm)"", ""17.2\"" (437mm)"", ""19.85\"" (503mm)"", ""Net Weight: 20 lbs (9.1 kg)"", ""Gross Weight: 33 lbs (15.0 kg)"", ""Power On/Off button"", ""System Reset button"", ""Power LED"", ""Hard drive activity LED"", ""2x Network activity LEDs"", ""System Overheat LED / Fan fail LED / UID LED"", ""4 hot-swap 3.5\"" SATA3 drive bays"", ""Optional 2.5\"" drive adapter"", ""Optional slim DVD drive"", ""Supports 4 SATA3 3.5\"" HDD"", ""4x 40x28mm 4-pin PWM Cooling Fans"", ""1 Air Shroud"", ""400W"", ""54.5 x 40 x 220 mm"", ""100 - 240Vac / 6.0 - 3.0A / 50-60Hz"", ""200 - 240Vdc / 3.4 - 3.2A (CCC Only)"", ""Max: 33A / Min: 0.5A"", ""Max: 3A / Min: 0A"", ""Gold Finger Connector Mating with Molex 45984-4343"", ""Monitors CPU Core Voltages, +12V, +3.3V, +5V, +5V standby, 3.3V standby, VBAT"", ""CPU switching voltage regulator"", ""Up to 8-fan status tachometer monitoring"", ""Up to eight 4-pin fan headers"", ""Status monitor for speed control"", ""Pulse Width Modulated (PWM) fan connectors"", ""Monitoring for CPU and chassis environment"", ""CPU Thermal Trip Support"", ""Thermal control for 8x Fan connectors"", ""I\u00b2C Temperature Sensing Logic"", ""CPU / System Overheat LED"", ""Chassis Intrusion Detection"", ""Chassis Intrusion Header"", ""RoHS Compliant"", ""Operating Temperature:  \n10\u00b0C to 35\u00b0C (50\u00b0F to 95\u00b0F)"", ""Non-operating Temperature: \n-40\u00b0C to 70\u00b0C (-40\u00b0F to 158\u00b0F)"", ""Operating Relative Humidity: \n8% to 90% (non-condensing)"", ""Non-operating Relative Humidity: \n5% to 95% (non-condensing)""], ""Memory Capacity"": [""8 DIMM slots"", ""Supports up to 1TB Registered ECC DDR4 2666MHz SDRAM (7001 Processors)"", ""Supports up to 2TB Registered ECC DDR4 3200MHz SDRAM (Board revision 2.x required + 7002 Processors)"", ""8-channel memory bus""], ""Memory Type"": [""DDR4 2666 MHz Registered ECC, 288-pin gold-plated DIMMs"", ""DDR4 3200 MHz Registered ECC, 288-pin gold-plated DIMMs (Board revision 2.x required + 7002 Processors)""], ""DIMM Sizes"": [""4GB, 8GB, 16GB, 32GB, 64GB, 128GB, 256GB* \n(* Board revision 2.x required + 7002 Processors)""], ""Memory Voltage"": [""1.2V""], ""ECC"": [""Corrects single-bit errors"", ""Detects double-bit errors (using ECC memory)""], ""Chassis Form Factor"": [""1U""]}"
Host,,AS-1113S-WN10RT,A+ Server 1113S-WN10RT,,,AS-1113S-WN10RT,"1113S-WN10RT | 1U | A+ Servers | Products | Super Micro Computer, Inc.",,https://www.supermicro.com/en/Aplus/system/1U/1113/AS-1113S-WN10RT.cfm,/a_images/products/Aplus/system/1U/AS-1113S-WN10RT.jpg,SuperMicro,H11SSW-NT,"{""CPU"": [""Single AMD EPYC\u2122 7001/7002* series Processor (*Board revision 2.x required)"", ""Socket SP3"", ""Supports CPU TDP 225W / cTDP up to 240W*"", ""Up to 32 Cores (Board revision 1.x + 7001 Processors)"", ""Up to 64 Cores (Board revision 2.x + 7002 Processors)"", ""System on Chip (SoC)"", ""16 DIMM slots"", ""Supports up to 2TB Registered ECC DDR4 2666MHz SDRAM (7001 Processors)"", ""Supports up to 4TB Registered ECC DDR4 3200MHz SDRAM (Board revision 2.x required + 7002 Processors)"", ""8-channel memory bus"", ""DDR4 2666 MHz Registered ECC, 288-pin gold-plated DIMMs (7001 Processors)"", ""DDR4 3200 MHz Registered ECC, 288-pin gold-plated DIMMs (Board revision 2.x required + 7002 Processors)"", ""4GB, 8GB, 16GB, 32GB, 64GB, 128GB, 256GB* \n(* Board revision 2.x required + 7002 Processors)"", ""1.2V"", ""Corrects single-bit errors"", ""Detects double-bit errors (using ECC memory)"", ""Support for Intelligent Platform Management Interface v.2.0"", ""IPMI 2.0 with virtual media over LAN and KVM-over-LAN support"", ""ASPEED AST2500 BMC"", ""Broadcom BCM57416 Controller"", ""ASPEED AST2500 BMC"", ""2 PCI-E 3.0 x16 (FH/HL) slots"", ""1 PCI-E 3.0 x16 (LP) slot"", ""Interface: PCI-E 3.0 x2 (NVMe based)"", ""Form Factor: 2280, 22110"", ""Key: Onboard M-key"", ""Number of M.2: Dual"", ""Up to 10 U.2 NVMe support"", ""Optional 4 SATA3 (6 Gbps) support via additional cables"", ""2x 10GbBase-T LAN ports"", ""1 RJ45 Dedicated IPMI LAN port"", ""7 USB 3.0 ports (4 rear + 2 front + 1 Type A)"", ""1 VGA port"", ""1 COM port"", ""2 SATA DOM power connectors"", ""TPM 1.2 header"", ""AMI 128Mb SPI Flash EEPROM"", ""Plug and Play (PnP)"", ""DMI 2.3"", ""PCI 2.2"", ""ACPI 5.1"", ""USB Keyboard Support"", ""SMBIOS 3.1.1"", ""1U"", ""CSE-116TS-R706WBP3"", ""1.7\"" (43mm)"", ""17.2\"" (437mm)"", ""23.5\"" (597mm)"", ""7.63\"" (H) 23.42\"" (W) 31.45\"" (D)"", ""Net Weight: 20 lbs (9.1 kg)"", ""Gross Weight: 33 lbs (15.0 kg)"", ""Power On/Off button"", ""System Reset button"", ""Power LED"", ""Hard drive activity LED"", ""2x Network activity LEDs"", ""System Overheat LED / Fan fail LED / UID LED"", ""10 hot-swap 2.5\"" U.2 NVMe drive bays"", ""Supports up to 10x 2.5\"" NVMe storage devices, 4 of them SAS3/SATA3 compatible"", ""6 heavy-duty PWM fans with optimal fan speed control"", ""1 Air Shroud"", ""700W/750W"", ""54.5 x 40.25 x 320 mm"", ""100 - 140Vac / 8 - 6A / 50-60Hz"", ""200 - 240Vac / 4.5 - 3.8A / 50-60Hz"", ""200 - 240Vdc / 4.5 - 3.8A (CCC Only)"", ""Max: 58A / Min: 0.5A (100 - 140Vac)"", ""Max: 62A / Min: 0.5A (200 - 240Vac)"", ""Max: 62A / Min: 0.5A (200 - 240Vdc)(CB/CCC Only)"", ""Max: 3A / Min: 0A"", ""Gold Finger Connector Mating with Molex 45984-4343"", ""Monitors CPU Core Voltages, +12V, +3.3V, +5V, +5V standby, 3.3V standby, VBAT"", ""CPU switching voltage regulator"", ""Up to 6-fan status tachometer monitoring"", ""Up to six 4-pin fan headers"", ""Status monitor for speed control"", ""Pulse Width Modulated (PWM) fan connectors"", ""Monitoring for CPU and chassis environment"", ""CPU Thermal Trip Support"", ""Thermal control for 6x Fan connectors"", ""I\u00b2C Temperature Sensing Logic"", ""CPU / System Overheat LED"", ""Chassis Intrusion Detection"", ""Chassis Intrusion Header"", ""RoHS Compliant"", ""Operating Temperature:  \n10\u00b0C to 30\u00b0C (50\u00b0F to 86\u00b0F)"", ""Non-operating Temperature: \n-40\u00b0C to 70\u00b0C (-40\u00b0F to 158\u00b0F)"", ""Operating Relative Humidity: \n8% to 90% (non-condensing)"", ""Non-operating Relative Humidity: \n5% to 95% (non-condensing)""], ""Memory Capacity"": [""16 DIMM slots"", ""Supports up to 2TB Registered ECC DDR4 2666MHz SDRAM (7001 Processors)"", ""Supports up to 4TB Registered ECC DDR4 3200MHz SDRAM (Board revision 2.x required + 7002 Processors)"", ""8-channel memory bus""], ""Memory Type"": [""DDR4 2666 MHz Registered ECC, 288-pin gold-plated DIMMs (7001 Processors)"", ""DDR4 3200 MHz Registered ECC, 288-pin gold-plated DIMMs (Board revision 2.x required + 7002 Processors)""], ""DIMM Sizes"": [""4GB, 8GB, 16GB, 32GB, 64GB, 128GB, 256GB* \n(* Board revision 2.x required + 7002 Processors)""], ""Memory Voltage"": [""1.2V""], ""ECC"": [""Corrects single-bit errors"", ""Detects double-bit errors (using ECC memory)""], ""Chassis Form Factor"": [""1U""]}"
Host,,SYS-1029P-N32R,SuperServer 1029P-N32R,,,SYS-1029P-N32R,"1029P-N32R | 1U | SuperServers | Products | Super Micro Computer, Inc.",(Complete System Only)>Products>Systems>1029P-N32R,https://www.supermicro.com/en/products/system/1U/1029/SYS-1029P-N32R.cfm,/a_images/products/SuperServer/1U/SYS-1029P-N32R.jpg,SuperMicro,,"{""CPU"": [""Dual Socket P (LGA 3647)"", ""2nd Gen Intel\u00ae Xeon\u00ae Scalable Processors and Intel\u00ae Xeon\u00ae Scalable Processors\u2021,3 UPI up to 10.4GT/s"", ""Support CPU TDP up to 140W"", ""Up to 22 Cores"", ""24 DIMM slots"", ""Up to 6TB 3DS ECC DDR4-2933MHz\u2020 RDIMM"", ""Supports Intel\u00ae Optane\u2122 DCPMM\u2020\u2020"", ""2933\u2020/2666/2400/2133MHz ECC DDR4 RDIMM"", ""Intel\u00ae C627 chipset"", ""Intel\u00ae X550 Dual Port 10GBase-T"", ""Support for Intelligent Platform Management Interface v.2.0"", ""IPMI 2.0 with virtual media over LAN and KVM-over-LAN support"", ""ASPEED AST2500 BMC"", ""2 RJ45 10GBase-T ports"", ""1 RJ45 Dedicated IPMI LAN port"", ""2 USB 3.0 ports (rear)"", ""1 VGA port"", ""1 COM port (header)"", ""AMI 32Mb SPI Flash ROM"", ""Intel\u00ae Node Manager"", ""IPMI 2.0"", ""KVM with dedicated LAN"", ""NMI"", ""SSM, SPM, SUM"", ""SuperDoctor\u00ae 5"", ""Watch Dog"", ""ACPI / APM Power Management"", ""Monitors for CPU Cores, Chipset Voltages, Memory."", ""4+1 Phase-switching voltage regulator"", ""Fans with tachometer monitoring"", ""Status monitor for speed control"", ""Pulse Width Modulated (PWM) fan connectors"", ""Monitoring for CPU and chassis environment"", ""Thermal Control for fan connectors"", ""1U Rackmount"", ""CSE-136HTS-R1K69P-U2"", ""1.7\"" (43mm)"", ""17.26\"" (438mm)"", ""35.95\"" (913mm)"", ""Net Weight: 58 lbs (26.3kg)"", ""Gross Weight: 93 lbs (42.2kg)"", ""Power On/Off button"", ""UID button"", ""Power LED"", ""Hard drive activity LED"", ""Network activity LEDs"", ""System Overheat LED / Fan fail LED / UID LED"", ""2 PCI-E 3.0 x16 Low-profile slots"", ""M.2 Interface: 2 PCI-E 3.0 x2"", ""M.2 Form Factor: 2260/2280/22110"", ""M.2 Key: M-Key"", ""*2 SATA Hybrid ports, RAID 0, 1"", ""Dual Drawer/Tray with a total of 32 NVMe 2.5\"" SSDs"", ""8x 40x56mm PWM fans"", ""1000W: 100 \u2013 127Vac"", ""1600W: 200 \u2013 240Vac"", ""1600W: 200 \u2013 240Vdc (for CCC only)"", ""73.5 x 40 x 185 mm"", ""100 -- 127Vac / 13.8A / 47-63Hz"", ""200 -- 240Vac / 9.6A / 47-63Hz"", ""200 -- 240Vdc / 8.5A (CCC Only)"", ""Max: 83A / Min: 0A (1000W)"", ""Max: 132A / Min: 0A (1600W)"", ""Max: 2.1A / Min: 0A"", ""Gold Finger"", ""RoHS Compliant"", ""Operating Temperature:  \n\u00a0\u00a0 10\u00b0C ~ 30\u00b0C (50\u00b0F ~ 86\u00b0F)"", ""Non-operating Temperature: \n\u00a0\u00a0 -40\u00b0C to 60\u00b0C (-40\u00b0F to 140\u00b0F)"", ""Operating Relative Humidity: \n\u00a0\u00a0 8% to 90% (non-condensing)"", ""Non-operating Relative Humidity: \n\u00a0\u00a0 5% to 95% (non-condensing)""], ""Memory Capacity"": [""24 DIMM slots"", ""Up to 6TB 3DS ECC DDR4-2933MHz\u2020 RDIMM"", ""Supports Intel\u00ae Optane\u2122 DCPMM\u2020\u2020""], ""Memory Type"": [""2933\u2020/2666/2400/2133MHz ECC DDR4 RDIMM""], ""Chassis Form Factor"": [""1U Rackmount""]}"
Host,,AS-1123US-TN10RT,A+ Server 1123US-TN10RT,,,AS-1123US-TN10RT,"1123US-TN10RT | 1U | A+ Servers | Products | Super Micro Computer, Inc.",,https://www.supermicro.com/en/Aplus/system/1U/1123/AS-1123US-TN10RT.cfm,/a_images/products/Aplus/system/1U/AS-1123US-TN10RT.jpg,SuperMicro,H11DSU-iN,"{""CPU"": [""Dual AMD EPYC\u2122 7001/7002* series Processors \n(* Board revision 2.x required)"", ""Socket SP3"", ""Supports CPU cTDP up to 280W**"", ""Up to 32 Cores (Board revision 1.x + 7001 Processors)"", ""Up to 64 Cores (Board revision 2.x + 7002 Processors)"", ""System on Chip (SoC)"", ""32 DIMM slots"", ""Supports up to 4TB Registered ECC DDR4 2666MHz SDRAM (7001 Processors)"", ""Supports up to 8TB Registered ECC DDR4 3200MHz SDRAM (Board revision 2.x required + 7002 Processors)"", ""8-channel memory bus"", ""DDR4 2666 MHz Registered ECC, 288-pin gold-plated DIMMs (7001 Processors)"", ""DDR4 3200 MHz Registered ECC, 288-pin gold-plated DIMMs (Board revision 2.x required + 7002 Processors)"", ""4GB, 8GB, 16GB, 32GB, 64GB, 128GB, 256GB* \n(* Board revision 2.x required + 7002 Processors)"", ""1.2V"", ""Corrects single-bit errors"", ""Detects double-bit errors (using ECC memory)"", ""Support for Intelligent Platform Management Interface v.2.0"", ""IPMI 2.0 with virtual media over LAN and KVM-over-LAN support"", ""ASPEED AST2500 BMC"", ""Intel\u00ae X540 Controller"", ""ASPEED AST2500 BMC"", ""1 PCI-E 3.0 x16 (FH, 9.5\""L) slot"", ""1 PCI-E 3.0 x8 (LP) slot"", ""1 M.2 PCI-E 3.0 x4 M-Key NVMe (2240/2260/2280/22110)"", ""or\u20021 M.2 M-Key SATA3 via optional cable CBL-SAST-0639 (2240/2260/2280/22110)"", ""or\u20022 Internal M.2 slots via optional cable CBL-SAST-0639 (NVMe 2260 + SATA 2260)"", ""10 U.2 NVMe support"", ""2x 10GbBase-T LAN ports"", ""1 RJ45 Dedicated IPMI LAN port"", ""5 USB 3.0 ports (2 rear + 2 front + 1 Type A)"", ""2 VGA ports (1 rear, 1 onboard)"", ""1 COM port"", ""2 SATA DOM power connectors"", ""TPM 1.2 header"", ""AMI 128Mb SPI Flash EEPROM"", ""Plug and Play (PnP)"", ""DMI 2.3"", ""PCI 2.2"", ""ACPI 5.1"", ""USB Keyboard Support"", ""SMBIOS 3.1.1"", ""1U"", ""CSE-119UTS-R1K02P-N10T"", ""1.7\"" (43mm)"", ""17.2\"" (437mm)"", ""27.82\"" (707mm)"", ""8.19\"" (H) 23.86\"" (W) 36.14\"" (D)"", ""Net Weight: 26 lbs (11.8 kg)"", ""Gross Weight: 41 lbs (18.6 kg)"", ""Power On/Off button"", ""System Reset button"", ""Power LED"", ""Hard drive activity LED"", ""2x Network activity LEDs"", ""System Overheat LED / Fan fail LED / UID LED"", ""10 hot-swap 2.5\"" U.2 NVMe drive bays"", ""8 heavy-duty PWM fans with optimal fan speed control"", ""1 Air Shroud"", ""800W/1000W"", ""73.5 x 40 x 203 mm"", ""100-127Vac / 9.8 - 7A / 50-60Hz"", ""200-240Vac / 7 - 5A / 50-60Hz"", ""200-240Vdc / 7 - 5A (for CCC only)"", ""Max: 66.7A / Min: 0A (100-127Vac)"", ""Max: 83A / Min: 0A (200-240Vac)"", ""Max: 83A / Min: 0A (200-240Vdc)"", ""Max: 2.1A / Min: 0A"", ""25 Pairs Gold Finger Connector"", ""Monitors CPU Core Voltages, +12V, +3.3V, +5V, +5V standby, 3.3V standby, VBAT"", ""CPU switching voltage regulator"", ""Up to 8-fan status tachometer monitoring"", ""Up to eight 4-pin fan headers"", ""Status monitor for speed control"", ""Pulse Width Modulated (PWM) fan connectors"", ""Monitoring for CPU and chassis environment"", ""CPU Thermal Trip Support"", ""Thermal control for 8x Fan connectors"", ""I\u00b2C Temperature Sensing Logic"", ""CPU / System Overheat LED"", ""Chassis Intrusion Detection"", ""Chassis Intrusion Header"", ""RoHS Compliant"", ""Operating Temperature:  \n10\u00b0C to 35\u00b0C (50\u00b0F to 95\u00b0F)"", ""Non-operating Temperature: \n-40\u00b0C to 70\u00b0C (-40\u00b0F to 158\u00b0F)"", ""Operating Relative Humidity: \n8% to 90% (non-condensing)"", ""Non-operating Relative Humidity: \n5% to 95% (non-condensing)""], ""Memory Capacity"": [""32 DIMM slots"", ""Supports up to 4TB Registered ECC DDR4 2666MHz SDRAM (7001 Processors)"", ""Supports up to 8TB Registered ECC DDR4 3200MHz SDRAM (Board revision 2.x required + 7002 Processors)"", ""8-channel memory bus""], ""Memory Type"": [""DDR4 2666 MHz Registered ECC, 288-pin gold-plated DIMMs (7001 Processors)"", ""DDR4 3200 MHz Registered ECC, 288-pin gold-plated DIMMs (Board revision 2.x required + 7002 Processors)""], ""DIMM Sizes"": [""4GB, 8GB, 16GB, 32GB, 64GB, 128GB, 256GB* \n(* Board revision 2.x required + 7002 Processors)""], ""Memory Voltage"": [""1.2V""], ""ECC"": [""Corrects single-bit errors"", ""Detects double-bit errors (using ECC memory)""], ""Chassis Form Factor"": [""1U""]}"
Host,,SSG-6019P-ACR12L,SuperStorage 6019P-ACR12L,,,SSG-6019P-ACR12L,"6019P-ACR12L with Part List | SuperStorage | Products | Super Micro Computer, Inc.",Products>Systems>SuperStorage>6019P-ACR12L,https://www.supermicro.com/en/products/system/1U/6019/SSG-6019P-ACR12L.cfm,/a_images/products/SuperServer/1U/SSG-6019P-ACR12L.jpg,SuperMicro,Super X11DDW-NT ,"{""CPU"": [""Dual Socket P (LGA 3647)"", ""2nd Gen Intel\u00ae Xeon\u00ae Scalable Processors and Intel\u00ae Xeon\u00ae Scalable Processors\u2021,Dual UPI up to 10.4GT/s"", ""Support CPU TDP up to 205W\u2020\u2020\u2020"", ""Up to 28 Cores"", ""12 DIMM slots"", ""Up to 3TB 3DS ECC DDR4-2933MHz\u2020 RDIMM/LRDIMM"", ""Supports Intel\u00ae Optane\u2122 DCPMM\u2020\u2020"", ""2933\u2020/2666/2400/2133MHz ECC DDR4 RDIMM/LRDIMM"", ""Intel\u00ae C622 chipset"", ""SATA3 (6Gbps); RAID 0, 1, 5, 10"", ""Broadcom 3224 SAS3 IT mode controller"", ""Dual LAN with 10GBase-T from Intel C622"", ""Support for Intelligent Platform Management Interface v.2.0"", ""IPMI 2.0 with virtual media over LAN and KVM-over-LAN support"", ""ASPEED AST2500 BMC"", ""2 RJ45 10GBase-T LAN ports"", ""1 RJ45 Dedicated IPMI LAN port"", ""4 USB 3.0 ports (rear)"", ""2 USB 2.0 ports (front)"", ""1 VGA port"", ""1 TPM Header"", ""UEFI 256Mb"", ""Intel\u00ae Node Manager"", ""IPMI 2.0"", ""KVM with dedicated LAN"", ""SSM, SPM, SUM"", ""SuperDoctor\u00ae 5"", ""Watch Dog"", ""ACPI / APM Power Management"", ""Monitors for CPU Cores, Chipset Voltages, Memory."", ""4+1 Phase-switching voltage regulator"", ""Fans with tachometer monitoring"", ""Status monitor for speed control"", ""Pulse Width Modulated (PWM) fan connectors"", ""Monitoring for CPU and chassis environment"", ""Thermal Control for fan connectors"", ""1U Rackmount"", ""CSE-802TS-R606WBP"", ""17.6\"" (447mm)"", ""1.7\"" (43mm)"", ""37.40\"" (950mm)**"", ""Net Weight: 65 lbs (29.5 kg)"", ""Gross Weight: 80 lbs (36.3 kg)"", ""Black"", ""Power On/Off button"", ""System Reset button"", ""Power status LED"", ""HDD activity LED"", ""Network activity LEDs"", ""2 PCI-E 3.0 x16 slots"", ""1 PCI-E 3.0 x8 LP slot"", ""1 PCI-E 3.0 x4 NVMe M.2 slot"", ""12 Hot-swap 3.5\"" SAS3/SATA3 drive bays"", ""4 Hot-swap 2.5\"" 7mm NVMe/SATA drive bays"", ""6x 40x40x56mm 20.5K-17.6K RPM Counter-rotating fans"", ""600W"", ""54.5 x 40 x 220 mm"", ""100-240V, 50-60Hz, 7.5-3.5A"", ""Max: 50A / Min: 0.5A"", ""Max: 3A / Min: 0A"", ""Gold Finger Connector Mating with Molex 45984-4343"", ""RoHS Compliant"", ""Operating Temperature:  \n\u00a0\u00a0 10\u00b0C ~ 35\u00b0C (50\u00b0F ~ 95\u00b0F)"", ""Non-operating Temperature: \n\u00a0\u00a0 -40\u00b0C to 60\u00b0C (-40\u00b0F to 140\u00b0F)"", ""Operating Relative Humidity: \n\u00a0\u00a0 8% to 90% (non-condensing)"", ""Non-operating Relative Humidity: \n\u00a0\u00a0 5% to 95% (non-condensing)""], ""Memory Capacity"": [""12 DIMM slots"", ""Up to 3TB 3DS ECC DDR4-2933MHz\u2020 RDIMM/LRDIMM"", ""Supports Intel\u00ae Optane\u2122 DCPMM\u2020\u2020""], ""Memory Type"": [""2933\u2020/2666/2400/2133MHz ECC DDR4 RDIMM/LRDIMM""], ""Chassis Form Factor"": [""1U Rackmount""]}"
Host,,SYS-1029TP-DTR,SuperServer 1029TP-DTR,,,SYS-1029TP-DTR,"1029TP-DTR | 1U | SuperServers | Products | Super Micro Computer, Inc.",Products>Systems>1U TwinPro™>1029TP-DTR,https://www.supermicro.com/en/products/system/1U/1029/SYS-1029TP-DTR.cfm,/a_images/products/superserver/1U/SYS-1029TP-DTR.jpg,SuperMicro,Super X11DPT-PS ,"{""CPU"": [""Dual Socket P (LGA 3647)"", ""2nd Gen Intel\u00ae Xeon\u00ae Scalable Processors and Intel\u00ae Xeon\u00ae Scalable Processors\u2021,Dual UPI up to 10.4GT/s"", ""Support CPU TDP 70-145W (Consult with SYS PM for higher CPU TDP Supports)"", ""Up to 28 Cores"", ""16 DIMM slots"", ""Up to 4TB 3DS ECC DDR4-2933MHz\u2020 RDIMM/LRDIMM"", ""2933\u2020/2666/2400/2133MHz ECC DDR4 RDIMM/LRDIMM"", ""Intel\u00ae C621 chipset"", ""SATA3 (6Gbps); RAID 0, 1, 5, 10"", ""Barebones and Complete System must have at least one \nSIOM\ncard installed per node"", ""Support for Intelligent Platform Management Interface v.2.0"", ""IPMI 2.0 with virtual media over LAN and KVM-over-LAN support"", ""ASPEED AST2500 BMC"", ""4 SATA3 (6Gbps) ports"", ""1 RJ45 Dedicated IPMI LAN port"", ""2 USB 3.0 ports (rear)"", ""1 VGA port"", ""1 Fast UART 16550 port / 1 Header (internal)"", ""2 SuperDOM support on the motherboard"", ""1 NVMe or 2 SATA M.2 (22x80/60/42 mm) support with option part: AOC-SMG3-2H8M2"", ""M.2 and SuperDOM are for OS boot and they cannot coexist"", ""AMI 32MB SPI Flash ROM"", ""Intel\u00ae Node Manager"", ""IPMI 2.0"", ""KVM with dedicated LAN"", ""NMI"", ""SSM, SPM, SUM"", ""SuperDoctor\u00ae 5"", ""Watchdog"", ""ACPI Power Management"", ""Monitors for CPU Cores, Chipset Voltages, Memory."", ""4+1 Phase-switching voltage regulator"", ""Fans with tachometer monitoring"", ""Status monitor for speed control"", ""Pulse Width Modulated (PWM) fan connectors"", ""Monitoring for CPU and chassis environment"", ""Thermal Control for fan connectors"", ""1U Rackmount"", ""CSE-809H-R1K05P3"", ""17.2\"" (437mm)"", ""1.7\"" (88mm)"", ""28.25\"" (718mm)"", ""29.6\"" (W) x 8\"" (H) x 38.4\"" (L)"", ""Gross Weight: 48.1 lbs (21.9 kg)"", ""Net Weight: 33.5 lbs (15.2 kg)"", ""Power On/Off button"", ""UID button"", ""Power status LED"", ""HDD activity LED"", ""Network activity LEDs"", ""Universal Information (UID) LED"", ""2 PCI-E 3.0 x16 Low-profile slots"", ""1 SIOM card support\nNote: Barebones and Complete System must bundle with \nSIOM"", ""4 Hot-swap 2.5\"" SAS3/SATA3 drive bays"", ""3 Heavy duty counter rotating fans with air shroud and optimal fan speed control"", ""800W: 100 \u2013 127Vac"", ""1000W: 200 \u2013 240Vac"", ""38 x 40 x 360 mm"", ""100-127Vac / 9-7.5A / 50-60Hz"", ""200-240Vac / 6-5A / 50-60Hz"", ""Max: 66.7A / Min: 0A (100-127Vac)"", ""Max: 83A / Min: 0A (200-240Vac)"", ""Max: 4A / Min: 0A"", ""Gold Finger Connector (16 Power Pin, 14 Signal Pin)"", ""RoHS Compliant"", ""Operating Temperature:  \n\u00a0\u00a0 10\u00b0C ~ 35\u00b0C (50\u00b0F ~ 95\u00b0F)"", ""Non-operating Temperature: \n\u00a0\u00a0 -40\u00b0C to 60\u00b0C (-40\u00b0F to 140\u00b0F)"", ""Operating Relative Humidity: \n\u00a0\u00a0 8% to 90% (non-condensing)"", ""Non-operating Relative Humidity: \n\u00a0\u00a0 5% to 95% (non-condensing)""], ""Memory Capacity"": [""16 DIMM slots"", ""Up to 4TB 3DS ECC DDR4-2933MHz\u2020 RDIMM/LRDIMM""], ""Memory Type"": [""2933\u2020/2666/2400/2133MHz ECC DDR4 RDIMM/LRDIMM""], ""Chassis Form Factor"": [""1U Rackmount""]}"
Host,,SYS-1029GQ-TVRT,SuperServer 1029GQ-TVRT,,,SYS-1029GQ-TVRT,"1029GQ-TVRT | 1U | SuperServers | Products | Super Micro Computer, Inc.",(Complete System Only)>Products>Systems>GPU>1029GQ-TVRT,https://www.supermicro.com/en/products/system/1U/1029/SYS-1029GQ-TVRT.cfm,/a_images/products/SuperServer/1U/SYS-1029GQ-TXRT.jpg,SuperMicro,Super X11DGQ ,"{""CPU"": [""Dual Socket P (LGA 3647)"", ""2nd Gen Intel\u00ae Xeon\u00ae Scalable Processors and Intel\u00ae Xeon\u00ae Scalable Processors\u2021,3 UPI up to 10.4GT/s"", ""Support CPU TDP up to 165W"", ""Up to 28 Cores"", ""4 SXM Socket Based"", ""NVIDIA V100"", ""Compatible GPU list"", ""PCI-E Gen 3 x16 Switch CPU-GPU Interconnect"", ""12 DIMM slots"", ""Up to 3TB 3DS ECC DDR4-2933MHz\u2020 RDIMM/LRDIMM"", ""Supports Intel\u00ae Optane\u2122 DCPMM\u2020\u2020"", ""2933\u2020/2666/2400/2133MHz ECC DDR4 RDIMM/LRDIMM"", ""Intel\u00ae C621 chipset"", ""SATA3 (6Gbps) with RAID 0, 1, 5, 10"", ""Intel\u00ae X540 Dual Port 10GBase-T"", ""Virtual Machine Device Queues reduce I/O overhead"", ""Supports 10GBASE-T, 100BASE-TX, and 1000BASE-T, RJ45 output"", ""Support for Intelligent Platform Management Interface v.2.0"", ""IPMI 2.0 with virtual media over LAN and KVM-over-LAN support"", ""ASPEED AST2500 BMC"", ""4 SATA3 (6Gbps) ports"", ""2 RJ45 10GBase-T ports"", ""1 RJ45 Dedicated IPMI LAN port"", ""2 USB 3.0 ports (rear)"", ""1 VGA port"", ""1 Fast UART 16550 header"", ""AMI 32Mb SPI Flash ROM"", ""Intel\u00ae Node Manager"", ""IPMI 2.0"", ""KVM with dedicated LAN"", ""SSM, SPM, SUM"", ""SuperDoctor\u00ae 5"", ""Watch Dog"", ""ACPI / APM Power Management"", ""Monitors for CPU Cores, Chipset Voltages, Memory."", ""4+1 Phase-switching voltage regulator"", ""Fans with tachometer monitoring"", ""Status monitor for speed control"", ""Pulse Width Modulated (PWM) fan connectors"", ""Monitoring for CPU and chassis environment"", ""Thermal Control for fan connectors"", ""1U Rackmount"", ""CSE-118GQPTS-R2K05P2"", ""1.7\"" (43mm)"", ""17.2\"" (437mm)"", ""35.2\"" (894mm)"", ""39.3\"" (997mm) with rails"", ""24\"" (H) x 8\"" (W) x 46\"" (D)"", ""Net Weight: 45 lbs (20.41 kg)"", ""Gross Weight: 58 lbs (26.31 kg)"", ""Black"", ""Power On/Off button"", ""UID button"", ""Power LED"", ""Hard drive activity LED"", ""Network activity LEDs"", ""System Overheat LED / Fan fail LED / UID LED"", ""4 PCI-E 3.0 x16 slots - supporting 4 NICs which includes 2x GPUDirect RDMA"", ""2 Hot-swap 2.5\"" SAS/SATA drive bays\nNote: Can be upgraded to 2 U.2 NVMe drives by addition of optional NVMe kit (please see details in optional parts list below)."", ""2 Internal 2.5\"" SATA drive bays"", ""Support 1x M.2 2242/2260/2280"", ""Support M.2 SATA and NVMe"", ""7 Heavy duty 4cm counter-rotating fans with air shroud & optimal fan speed control"", ""1000W: 100 \u2013 120Vac"", ""1800W: 200 \u2013 220Vac"", ""1980W: 220 \u2013 230Vac"", ""2000W: 230 \u2013 240Vac"", ""2000W: 200 \u2013 240Vac (UL/CUL only)"", ""73.5 x 40 x 265 mm"", ""100-120Vac / 12.5-9.5A / 50-60Hz"", ""200-220Vac / 10-9.5A / 50-60Hz"", ""220-230Vac / 10-9.8A / 50-60Hz"", ""230-240Vac / 10-9.8A / 50-60Hz"", ""200-240Vac / 11.8-9.8A / 50-60Hz (UL/cUL only)"", ""Max: 83.3A / Min: 0A (100-120Vac)"", ""Max: 150A / Min: 0A (200-220Vac)"", ""Max: 165A / Min: 0A (220-230Vac)"", ""Max: 166.7A / Min: 0A (230-240Vac)"", ""Max: 166.7A / Min: 0A (200-240Vac) (UL/cUL only)"", ""Max: 2.1A / Min: 0A"", ""25 Pairs Gold Finger Connector"", ""RoHS Compliant"", ""Operating Temperature:  \n\u00a0\u00a0 10\u00b0C ~ 35\u00b0C (50\u00b0F ~ 95\u00b0F)"", ""Non-operating Temperature: \n\u00a0\u00a0 -40\u00b0C to 60\u00b0C (-40\u00b0F to 140\u00b0F)"", ""Operating Relative Humidity: \n\u00a0\u00a0 8% to 90% (non-condensing)"", ""Non-operating Relative Humidity: \n\u00a0\u00a0 5% to 95% (non-condensing)""], ""Memory Capacity"": [""12 DIMM slots"", ""Up to 3TB 3DS ECC DDR4-2933MHz\u2020 RDIMM/LRDIMM"", ""Supports Intel\u00ae Optane\u2122 DCPMM\u2020\u2020""], ""Memory Type"": [""2933\u2020/2666/2400/2133MHz ECC DDR4 RDIMM/LRDIMM""], ""Chassis Form Factor"": [""1U Rackmount""]}"
Host,,SYS-1029TP-DC1R,SuperServer 1029TP-DC1R,,,SYS-1029TP-DC1R,"1029TP-DC1R | 1U | SuperServers | Products | Super Micro Computer, Inc.",Products>Systems>1U TwinPro™>1029TP-DC1R,https://www.supermicro.com/en/products/system/1U/1029/SYS-1029TP-DC1R.cfm,/a_images/products/superserver/1U/SYS-1029TP-DTR.jpg,SuperMicro,Super X11DPT-PS ,"{""CPU"": [""Dual Socket P (LGA 3647)"", ""2nd Gen Intel\u00ae Xeon\u00ae Scalable Processors and Intel\u00ae Xeon\u00ae Scalable Processors\u2021,Dual UPI up to 10.4GT/s"", ""Support CPU TDP 70-145W (Consult with SYS PM for higher CPU TDP Supports)"", ""Up to 28 Cores"", ""16 DIMM slots"", ""Up to 4TB 3DS ECC DDR4-2933MHz\u2020 RDIMM/LRDIMM"", ""2933\u2020/2666/2400/2133MHz ECC DDR4 RDIMM/LRDIMM"", ""Intel\u00ae C621 chipset"", ""Broadcom 3108 SAS3 (12Gbps) controller;\n\u00a0\u00a0 RAID 0, 1, 5, 6, 10, 50, 60 support"", ""Optional SuperCap"", ""Barebones and Complete System must have at least one \nSIOM\ncard installed per node"", ""Support for Intelligent Platform Management Interface v.2.0"", ""IPMI 2.0 with virtual media over LAN and KVM-over-LAN support"", ""ASPEED AST2500 BMC"", ""4 SAS3 (12Gbps) ports"", ""1 RJ45 Dedicated IPMI LAN port"", ""2 USB 3.0 ports (rear)"", ""1 VGA port"", ""1 Fast UART 16550 port / 1 Header (internal)"", ""2 SuperDOM support on the motherboard. SuperDOM is for OS boot."", ""AMI 32MB SPI Flash ROM"", ""Intel\u00ae Node Manager"", ""IPMI 2.0"", ""KVM with dedicated LAN"", ""NMI"", ""SSM, SPM, SUM"", ""SuperDoctor\u00ae 5"", ""Watchdog"", ""ACPI Power Management"", ""Monitors for CPU Cores, Chipset Voltages, Memory."", ""4+1 Phase-switching voltage regulator"", ""Fans with tachometer monitoring"", ""Status monitor for speed control"", ""Pulse Width Modulated (PWM) fan connectors"", ""Monitoring for CPU and chassis environment"", ""Thermal Control for fan connectors"", ""1U Rackmount"", ""CSE-809H-R1K05P3"", ""17.2\"" (437mm)"", ""1.7\"" (88mm)"", ""28.25\"" (718mm)"", ""29.6\"" (W) x 8\"" (H) x 38.4\"" (L)"", ""Gross Weight: 48.1 lbs (21.9 kg)"", ""Net Weight: 33.5 lbs (15.2 kg)"", ""Power On/Off button"", ""UID button"", ""Power status LED"", ""HDD activity LED"", ""Network activity LEDs"", ""Universal Information (UID) LED"", ""2 PCI-E 3.0 x16 Low-profile slots"", ""1 SIOM card support\nNote: Barebones and Complete System must bundle with \nSIOM"", ""4 Hot-swap 2.5\"" SAS3/SATA3 drive bays"", ""3 Heavy duty counter rotating fans with air shroud and optimal fan speed control"", ""800W: 100 \u2013 127Vac"", ""1000W: 200 \u2013 240Vac"", ""38 x 40 x 360 mm"", ""100-127Vac / 9-7.5A / 50-60Hz"", ""200-240Vac / 6-5A / 50-60Hz"", ""Max: 66.7A / Min: 0A (100-127Vac)"", ""Max: 83A / Min: 0A (200-240Vac)"", ""Max: 4A / Min: 0A"", ""Gold Finger Connector (16 Power Pin, 14 Signal Pin)"", ""RoHS Compliant"", ""Operating Temperature:  \n\u00a0\u00a0 10\u00b0C ~ 35\u00b0C (50\u00b0F ~ 95\u00b0F)"", ""Non-operating Temperature: \n\u00a0\u00a0 -40\u00b0C to 60\u00b0C (-40\u00b0F to 140\u00b0F)"", ""Operating Relative Humidity: \n\u00a0\u00a0 8% to 90% (non-condensing)"", ""Non-operating Relative Humidity: \n\u00a0\u00a0 5% to 95% (non-condensing)""], ""Memory Capacity"": [""16 DIMM slots"", ""Up to 4TB 3DS ECC DDR4-2933MHz\u2020 RDIMM/LRDIMM""], ""Memory Type"": [""2933\u2020/2666/2400/2133MHz ECC DDR4 RDIMM/LRDIMM""], ""Chassis Form Factor"": [""1U Rackmount""]}"
Host,,SYS-1029TP-DC0R,SuperServer 1029TP-DC0R,,,SYS-1029TP-DC0R,"1029TP-DC0R | 1U | SuperServers | Products | Super Micro Computer, Inc.",Products>Systems>1U TwinPro™>1029TP-DC0R,https://www.supermicro.com/en/products/system/1U/1029/SYS-1029TP-DC0R.cfm,/a_images/products/superserver/1U/SYS-1029TP-DTR.jpg,SuperMicro,Super X11DPT-PS ,"{""CPU"": [""Dual Socket P (LGA 3647)"", ""2nd Gen Intel\u00ae Xeon\u00ae Scalable Processors and Intel\u00ae Xeon\u00ae Scalable Processors\u2021,Dual UPI up to 10.4GT/s"", ""Support CPU TDP 70-145W (Consult with SYS PM for higher CPU TDP Supports)"", ""Up to 28 Cores"", ""16 DIMM slots"", ""Up to 4TB 3DS ECC DDR4-2933MHz\u2020 RDIMM/LRDIMM"", ""2933\u2020/2666/2400/2133MHz ECC DDR4 RDIMM/LRDIMM"", ""Intel\u00ae C621 chipset"", ""Broadcom 3008 SAS3 (12Gbps) controller;\n\u00a0\u00a0 SW RAID 0, 1, 10 support"", ""Barebones and Complete System must have at least one \nSIOM\ncard installed per node"", ""Support for Intelligent Platform Management Interface v.2.0"", ""IPMI 2.0 with virtual media over LAN and KVM-over-LAN support"", ""ASPEED AST2500 BMC"", ""4 SAS3 (12Gbps) ports"", ""1 RJ45 Dedicated IPMI LAN port"", ""2 USB 3.0 ports (rear)"", ""1 VGA port"", ""1 Fast UART 16550 port / 1 Header (internal)"", ""2 SuperDOM support on the motherboard"", ""1 NVMe or 2 SATA M.2 (22x80/60/42 mm) support with option part: AOC-SMG3-2H8M2"", ""M.2 and SuperDOM are for OS boot and they cannot coexist"", ""AMI 32MB SPI Flash ROM"", ""Intel\u00ae Node Manager"", ""IPMI 2.0"", ""KVM with dedicated LAN"", ""NMI"", ""SSM, SPM, SUM"", ""SuperDoctor\u00ae 5"", ""Watchdog"", ""ACPI Power Management"", ""Monitors for CPU Cores, Chipset Voltages, Memory."", ""4+1 Phase-switching voltage regulator"", ""Fans with tachometer monitoring"", ""Status monitor for speed control"", ""Pulse Width Modulated (PWM) fan connectors"", ""Monitoring for CPU and chassis environment"", ""Thermal Control for fan connectors"", ""1U Rackmount"", ""CSE-809H-R1K05P3"", ""17.2\"" (437mm)"", ""1.7\"" (43mm)"", ""28.25\"" (718mm)"", ""29.6\"" (W) x 8\"" (H) x 38.4\"" (L)"", ""Gross Weight: 48.1 lbs (21.9 kg)"", ""Net Weight: 33.5 lbs (15.2 kg)"", ""Power On/Off button"", ""UID button"", ""Power status LED"", ""HDD activity LED"", ""Network activity LEDs"", ""Universal Information (UID) LED"", ""2 PCI-E 3.0 x16 Low-profile slots"", ""1 SIOM card support\nNote: Barebones and Complete System must bundle with \nSIOM"", ""4 Hot-swap 2.5\"" SAS3/SATA3 drive bays"", ""3 Heavy duty counter rotating fans with air shroud and optimal fan speed control"", ""800W: 100 \u2013 127Vac"", ""1000W: 200 \u2013 240Vac"", ""38 x 40 x 360 mm"", ""100-127Vac / 9-7.5A / 50-60Hz"", ""200-240Vac / 6-5A / 50-60Hz"", ""Max: 66.7A / Min: 0A (100-127Vac)"", ""Max: 83A / Min: 0A (200-240Vac)"", ""Max: 4A / Min: 0A"", ""Gold Finger Connector (16 Power Pin, 14 Signal Pin)"", ""RoHS Compliant"", ""Operating Temperature:  \n\u00a0\u00a0 10\u00b0C ~ 35\u00b0C (50\u00b0F ~ 95\u00b0F)"", ""Non-operating Temperature: \n\u00a0\u00a0 -40\u00b0C to 60\u00b0C (-40\u00b0F to 140\u00b0F)"", ""Operating Relative Humidity: \n\u00a0\u00a0 8% to 90% (non-condensing)"", ""Non-operating Relative Humidity: \n\u00a0\u00a0 5% to 95% (non-condensing)""], ""Memory Capacity"": [""16 DIMM slots"", ""Up to 4TB 3DS ECC DDR4-2933MHz\u2020 RDIMM/LRDIMM""], ""Memory Type"": [""2933\u2020/2666/2400/2133MHz ECC DDR4 RDIMM/LRDIMM""], ""Chassis Form Factor"": [""1U Rackmount""]}"
Host,,SYS-6027PR-HC0FR,SuperServer 6027PR-HC0FR,,,SYS-6027PR-HC0FR,Supermicro | Products | SuperServers | 2U | 6027PR-HC0FR ,Products>Systems>2U TwinPro™>6027PR-HC0FR,https://www.supermicro.com/products/system/2U/6027/SYS-6027PR-HC0FR.cfm,/a_images/products/superserver/2U/SYS-6027PR-HTR_35.jpg,SuperMicro,Super X9DRT-PIBF,"{""CPU"": [""Dual Socket R (LGA 2011)"", ""Intel\u00ae Xeon\u00ae processor E5-2600 \n\u00a0\u00a0\u00a0 (up to 135W TDP *)"", ""Up to 30MB"", ""QPI up to 8 GT/s"", ""16x 240-pin DDR3 DIMM slots"", ""Supports up to 1TB DDR3 ECC LRDIMM"", ""Supports up to 512GB DDR3 ECC Registered memory (RDIMM)"", ""1866/1600/1333/1066/800MHz ECC DDR3 SDRAM 72-bit, 240-pin gold-plated DIMMs"", ""32GB, 16GB, 8GB, 4GB, 2GB, 1GB"", ""1.5 V and 1.35 V"", ""Corrects single-bit errors"", ""Detects double-bit errors (using ECC memory)"", ""Intel\u00ae C602 Chipset"", ""Mellanox ConnectX-3 FDR Infiniband 56Gb/s Controller"", ""Broadcom 3008 SAS3 (12Gbps) controller;\n\u00a0\u00a0 RAID 0, 1, 10 support"", ""Note: In order to support the Broadcom RAID Controllers, both CPU socket must be populated"", ""Support for Intelligent Platform Management Interface v.2.0"", ""IPMI 2.0 with virtual media over LAN and KVM-over-LAN support"", ""Nuvoton WPCM450 BMC"", ""Intel\u00ae i350 Dual Port Gigabit Ethernet"", ""Virtual Machine Device Queues reduce I/O overhead"", ""Supports 10BASE-T, 100BASE-TX, and 1000BASE-T, RJ45 output"", ""1x Realtek RTL8201N PHY (dedicated IPMI)"", ""Matrox G200eW"", ""3x SAS3 (12Gbps) ports"", ""2x RJ45 Gigabit Ethernet LAN ports"", ""1x RJ45 Dedicated IPMI LAN port"", ""1 external QSFP Infiniband connector"", ""2x USB 2.0 ports total (2x rear)"", ""1x VGA port"", ""1x Fast UART 16550 port / 1 Header (internal)"", ""1x SATADOM support on the motherboard"", ""2U Rackmount"", ""CSE-827HQ+-R2K04B"", ""17.25\"" (438mm)"", ""3.47\"" (88mm)"", ""30.5\"" (774mm)"", ""Gross Weight: 90 lbs (40.9kg)"", ""Net Weight: 72 lbs (32.7 kg)"", ""Black"", ""Power On/Off button"", ""UID button"", ""Power status LED"", ""HDD activity LED"", ""2x Network activity LEDs"", ""Universal Information (UID) LED"", ""1x PCI-E 3.0 x16 Low-profile slot"", ""1x \""0 slot\"" (x16)"", ""Compatible Listing"", ""3x 3.5\"" Hot-swap SAS/SATA HDD trays"", ""4x 8cm heavy duty PWM fans with optimal fan speed control"", ""1000W: 100 - 127Vac"", ""1800W: 200 - 220Vac"", ""1980W: 220 - 230Vac"", ""2000W: 230 - 240Vac"", ""2000W: 200 - 240Vdc (UL/cUL only)"", ""76 x 40 x 336 mm"", ""1000W: 100-127 Vac / 12-9.5 A / 50-60 Hz"", ""1800W: 200-220 Vac / 10-9.5 A / 50-60 Hz"", ""1980W: 220-230 Vac / 10-9.8 A / 50-60 Hz"", ""2000W: 230-240 Vac / 10-9.8 A / 50-60 Hz"", ""2000W: 200-240 Vac / 11.8-9.8 A / 50-60 Hz (UL/cUL only)"", ""Max: 83.3A / Min: 0A (100-127 Vac)"", ""Max: 150A / Min: 0A (200-220 Vac)"", ""Max: 165A / Min: 0A (220-230 Vac)"", ""Max: 166.7A / Min: 0A (230-240 Vac)"", ""Max: 166.7A / Min: 0A (200-240 Vac)(UL/cUL only)"", ""Max: 1A / Min: 0A"", ""27 Pairs Gold Finger Connector"", ""128Mb SPI Flash EEPROM with AMI BIOS"", ""Plug and Play (PnP)"", ""APM 1.2"", ""PCI 2.2"", ""ACPI 1.0 / 2.0"", ""USB Keyboard support"", ""SMBIOS 2.3"", ""UEFI"", ""RoHS Compliant"", ""Operating Temperature:  \n\u00a0\u00a0 10\u00b0C to 35\u00b0C (50\u00b0F to 95\u00b0F)"", ""Non-operating Temperature: \n\u00a0\u00a0 -40\u00b0C to 70\u00b0C (-40\u00b0F to 158\u00b0F)"", ""Operating Relative Humidity: \n\u00a0\u00a0 8% to 90% (non-condensing)"", ""Non-operating Relative Humidity: \n\u00a0\u00a0 5% to 95% (non-condensing)""], ""Memory Capacity"": [""16x 240-pin DDR3 DIMM slots"", ""Supports up to 1TB DDR3 ECC LRDIMM"", ""Supports up to 512GB DDR3 ECC Registered memory (RDIMM)""], ""Memory Type"": [""1866/1600/1333/1066/800MHz ECC DDR3 SDRAM 72-bit, 240-pin gold-plated DIMMs""], ""DIMM Sizes"": [""32GB, 16GB, 8GB, 4GB, 2GB, 1GB""], ""Memory Voltage"": [""1.5 V and 1.35 V""], ""ECC"": [""Corrects single-bit errors"", ""Detects double-bit errors (using ECC memory)""], ""Chassis Form Factor"": [""2U Rackmount""]}"
Host,,SSG-1029P-NMR36L,SuperStorage 1029P-NMR36L,,,SSG-1029P-NMR36L,"1029P-NMR36L | SuperStorage | Products | Super Micro Computer, Inc.",(Complete System Only)>Products>Systems>SuperStorage>1029P-NMR36L,https://www.supermicro.com/en/products/system/1U/1029/SSG-1029P-NMR36L.cfm,/a_images/products/SuperServer/1U/SSG-1029P-NMR36L.jpg,SuperMicro,Super X11DSF-E,"{""CPU"": [""Dual Socket P (LGA 3647)"", ""2nd Gen Intel\u00ae Xeon\u00ae Scalable Processors and Intel\u00ae Xeon\u00ae Scalable Processors\u2021,3 UPI up to 10.4GT/s"", ""Support CPU TDP 70-205W"", ""Up to 28 Cores"", ""24 DIMM slots"", ""Up to 6TB 3DS ECC DDR4-2933MHz\u2020 RDIMM/LRDIMM"", ""Supports Intel\u00ae Optane\u2122 DCPMM\u2020\u2020"", ""2933\u2020/2666/2400/2133MHz ECC DDR4 RDIMM/LRDIMM"", ""Intel\u00ae C627 chipset"", ""SATA3 (6Gbps) with RAID 0, 1"", ""Intel\u00ae X550 Dual Port 10GBase-T"", ""Support for Intelligent Platform Management Interface v.2.0"", ""IPMI 2.0 with virtual media over LAN and KVM-over-LAN support"", ""ASPEED AST2500 BMC"", ""4 SATA3 (6Gbps) ports"", ""2 RJ45 10GBase-T ports"", ""1 RJ45 Dedicated IPMI LAN port"", ""2 USB 3.0 ports (front)"", ""2 USB 3.0 ports (rear)"", ""1 VGA D-Sub connector port"", ""1 COM port (header)"", ""AMI 32Mb SPI Flash ROM"", ""Intel\u00ae Node Manager"", ""IPMI 2.0"", ""KVM with dedicated LAN"", ""NMI"", ""SSM, SPM, SUM"", ""SuperDoctor\u00ae 5"", ""Watch Dog"", ""ACPI / APM Power Management"", ""Monitors for CPU Cores, Chipset Voltages, Memory."", ""4+1 Phase-switching voltage regulator"", ""Fans with tachometer monitoring"", ""Status monitor for speed control"", ""Pulse Width Modulated (PWM) fan connectors"", ""Monitoring for CPU and chassis environment"", ""Thermal Control for fan connectors"", ""1U Rackmount"", ""CSE-121NF-R1K62P"", ""1.7\"" (43mm)"", ""17.26\"" (438.4mm)"", ""30.04\"" (763mm)"", ""Net Weight: 40 lbs (18.1kg)"", ""Gross Weight: 52 lbs (23.6kg)"", ""Black"", ""Power On/Off button"", ""UID button"", ""Power LED"", ""Hard drive activity LED"", ""Network activity LEDs"", ""System Overheat LED / Fan fail LED / UID LED"", ""2 PCI-E 3.0 x16 slots"", ""1 PCI-E 3.0 x4 (Low profile) slot"", ""32 Hot-swap PCI-E NF1 drive bays"", ""4 SATA3 M.2 drive bays support M.2 Form Factor 22x42/60/80/110"", ""8 Heavy duty 4cm counter-rotating fans with air shroud & optimal fan speed control"", ""1600W/1000W"", ""73.5 x 40 x 203 mm"", ""100-127Vac / 13 - 9A / 50-60Hz"", ""200-240Vac / 10 - 8A / 50-60Hz"", ""Max: 83.3A / Min: 0A (100-127Vac)"", ""Max: 133A / Min: 0A (200-240Vac)"", ""Max: 2.1A / Min: 0A"", ""25 Pairs Gold Finger Connector"", ""RoHS Compliant"", ""Operating Temperature:  \n\u00a0\u00a0 10\u00b0C ~ 35\u00b0C (50\u00b0F ~ 95\u00b0F)"", ""Non-operating Temperature: \n\u00a0\u00a0 -40\u00b0C to 60\u00b0C (-40\u00b0F to 140\u00b0F)"", ""Operating Relative Humidity: \n\u00a0\u00a0 8% to 90% (non-condensing)"", ""Non-operating Relative Humidity: \n\u00a0\u00a0 5% to 95% (non-condensing)""], ""Memory Capacity"": [""24 DIMM slots"", ""Up to 6TB 3DS ECC DDR4-2933MHz\u2020 RDIMM/LRDIMM"", ""Supports Intel\u00ae Optane\u2122 DCPMM\u2020\u2020""], ""Memory Type"": [""2933\u2020/2666/2400/2133MHz ECC DDR4 RDIMM/LRDIMM""], ""Chassis Form Factor"": [""1U Rackmount""]}"
Host,,MBD-X11SDV-8C-TP8F,X11SDV-8C-TP8F,,,MBD-X11SDV-8C-TP8F,"X11SDV-8C-TP8F | Motherboards | Products | Super Micro Computer, Inc. ",,https://www.supermicro.com/en/products/motherboard/X11SDV-8C-TP8F,,SuperMicro,,"{""Chassis Form Factor"": [""Flex ATX""], ""CPU"": [""Intel\u00ae Xeon\u00ae Processor D-2146NT, CPU TDP support Up to 80W TDP""], ""Memory Capacity"": [""Up to 256GB Registered ECC RDIMM, DDR4-2133MHz; Up to 512GB LRDIMM LRDIMM, DDR4-2133MHz, in 4 DIMM slots""], ""Memory Type"": [""2666/2400/2133MHz ECC DDR4 RDIMM, LRDIMM"", ""(Operating speed up to 2133MHz)""], ""DIMM Sizes"": [""RDIMM: 16GB, 32GB, 64GB, 128GB"", ""LRDIMM: 16GB, 32GB, 64GB, 128GB""], ""Memory Voltage"": [""1.2V""], ""ECC"": [""Detects double-bit errors (using ECC memory)""]}"
Host,,MBD-H11DSU-IN,,,,MBD-H11DSU-IN,"H11DSU-iN | Motherboards | Super Micro Computer, Inc.",,https://www.supermicro.com/en/products/motherboard/H11DSU-iN,/a_images/products/Aplus/MB/H11DSU-iN_spec.jpg,SuperMicro,,"{""Chassis Form Factor"": [""Proprietary Ultra/WIO""], ""CPU"": [""Dual AMD EPYC\u2122 7001/7002* series Processors (*Board revision 2.x required)"", ""Socket SP3""], ""Memory Capacity"": [""32 DIMM sockets"", ""Supports up to 4TB Registered ECC DDR4 2666MHz SDRAM in 32 DIMMs"", ""Supports up to 8TB Registered ECC DDR4 3200MHz SDRAM (Board revision 2.x required)"", ""8-channel memory bus""], ""Memory Type"": [""DDR4 2666 MHz Registered ECC, 288-pin gold-plated DIMMs"", ""DDR4 3200 MHz Registered ECC, 288-pin gold-plated DIMMs (Board revision 2.x required)""], ""DIMM Sizes"": [""4GB, 8GB, 16GB, 32GB, 64GB, 128GB, 256GB* (*Board revision 2.x required)""], ""Memory Voltage"": [""1.2V""], ""ECC"": [""Corrects single-bit errors"", ""Detects double-bit errors (using ECC memory)""]}"
Part,HDS-SUN1-MZQLB960HAJR07,,,NVMe,U.2 7mm,"HDS-SUN1-MZQLB960HAJR07,SYS-1029GP-TR",,,https://www.supermicro.com/support/resources/HDD/display.cfm?Category=SS&sz=N.&ctrl=73&id=740A64294440D35918C01FF7F6FC170A&NVMe=1&svrid=86407,,SuperMicro,,"{""SMC Part #"": ""HDS-SUN1-MZQLB960HAJR07"", ""Manufacturer"": ""Samsung"", ""Manufacturer Part #"": ""MZQLB960HAJR-00007"", ""Capacity"": ""960GB"", ""MTBF/MTTF"": """", ""DWPD"": """", ""EOL Date"": """"}"
Part,HDS-SUN1-MZQLB960HAJR07,,,NVMe,U.2 7mm,"HDS-SUN1-MZQLB960HAJR07,MBD-X11DPG-SN",,,https://www.supermicro.com/support/resources/HDD/display.cfm?Category=SS&sz=N.&ctrl=73&id=740A64294440D35918C01FF7F6FC170A&NVMe=1&svrid=86407,,SuperMicro,,"{""SMC Part #"": ""HDS-SUN1-MZQLB960HAJR07"", ""Manufacturer"": ""Samsung"", ""Manufacturer Part #"": ""MZQLB960HAJR-00007"", ""Capacity"": ""960GB"", ""MTBF/MTTF"": """", ""DWPD"": """", ""EOL Date"": """"}"
Part,HDS-SUN1-MZQLB7T6HMLA07,,,NVMe,U.2 7mm,"HDS-SUN1-MZQLB7T6HMLA07,SYS-1029GP-TR",,,https://www.supermicro.com/support/resources/HDD/display.cfm?Category=SS&sz=N.&ctrl=73&id=740A64294440D35918C01FF7F6FC170A&NVMe=1&svrid=86407,,SuperMicro,,"{""SMC Part #"": ""HDS-SUN1-MZQLB7T6HMLA07"", ""Manufacturer"": ""Samsung"", ""Manufacturer Part #"": ""MZQLB7T6HMLA-00007"", ""Capacity"": ""7680GB"", ""MTBF/MTTF"": """", ""DWPD"": """", ""EOL Date"": """"}"
Part,HDS-SUN1-MZQLB7T6HMLA07,,,NVMe,U.2 7mm,"HDS-SUN1-MZQLB7T6HMLA07,MBD-X11DPG-SN",,,https://www.supermicro.com/support/resources/HDD/display.cfm?Category=SS&sz=N.&ctrl=73&id=740A64294440D35918C01FF7F6FC170A&NVMe=1&svrid=86407,,SuperMicro,,"{""SMC Part #"": ""HDS-SUN1-MZQLB7T6HMLA07"", ""Manufacturer"": ""Samsung"", ""Manufacturer Part #"": ""MZQLB7T6HMLA-00007"", ""Capacity"": ""7680GB"", ""MTBF/MTTF"": """", ""DWPD"": """", ""EOL Date"": """"}"
Part,HDS-SUN1-MZQLB3T8HALS07,,,NVMe,U.2 7mm,"HDS-SUN1-MZQLB3T8HALS07,SYS-1029GP-TR",,,https://www.supermicro.com/support/resources/HDD/display.cfm?Category=SS&sz=N.&ctrl=73&id=740A64294440D35918C01FF7F6FC170A&NVMe=1&svrid=86407,,SuperMicro,,"{""SMC Part #"": ""HDS-SUN1-MZQLB3T8HALS07"", ""Manufacturer"": ""Samsung"", ""Manufacturer Part #"": ""MZQLB3T8HALS-00007"", ""Capacity"": ""3840GB"", ""MTBF/MTTF"": """", ""DWPD"": """", ""EOL Date"": """"}"
Part,HDS-SUN1-MZQLB3T8HALS07,,,NVMe,U.2 7mm,"HDS-SUN1-MZQLB3T8HALS07,MBD-X11DPG-SN",,,https://www.supermicro.com/support/resources/HDD/display.cfm?Category=SS&sz=N.&ctrl=73&id=740A64294440D35918C01FF7F6FC170A&NVMe=1&svrid=86407,,SuperMicro,,"{""SMC Part #"": ""HDS-SUN1-MZQLB3T8HALS07"", ""Manufacturer"": ""Samsung"", ""Manufacturer Part #"": ""MZQLB3T8HALS-00007"", ""Capacity"": ""3840GB"", ""MTBF/MTTF"": """", ""DWPD"": """", ""EOL Date"": """"}"
Part,HDS-SUN1-MZQLB1T9HAJR07,,,NVMe,U.2 7mm,"HDS-SUN1-MZQLB1T9HAJR07,SYS-1029GP-TR",,,https://www.supermicro.com/support/resources/HDD/display.cfm?Category=SS&sz=N.&ctrl=73&id=740A64294440D35918C01FF7F6FC170A&NVMe=1&svrid=86407,,SuperMicro,,"{""SMC Part #"": ""HDS-SUN1-MZQLB1T9HAJR07"", ""Manufacturer"": ""Samsung"", ""Manufacturer Part #"": ""MZQLB1T9HAJR-00007"", ""Capacity"": ""1920GB"", ""MTBF/MTTF"": """", ""DWPD"": """", ""EOL Date"": """"}"
Part,HDS-SUN1-MZQLB1T9HAJR07,,,NVMe,U.2 7mm,"HDS-SUN1-MZQLB1T9HAJR07,MBD-X11DPG-SN",,,https://www.supermicro.com/support/resources/HDD/display.cfm?Category=SS&sz=N.&ctrl=73&id=740A64294440D35918C01FF7F6FC170A&NVMe=1&svrid=86407,,SuperMicro,,"{""SMC Part #"": ""HDS-SUN1-MZQLB1T9HAJR07"", ""Manufacturer"": ""Samsung"", ""Manufacturer Part #"": ""MZQLB1T9HAJR-00007"", ""Capacity"": ""1920GB"", ""MTBF/MTTF"": """", ""DWPD"": """", ""EOL Date"": """"}"
Part,HDS-XUN-XP1920LE10002,,,NVMe,U.2 7mm,"HDS-XUN-XP1920LE10002,SYS-1029GP-TR",,,https://www.supermicro.com/support/resources/HDD/display.cfm?Category=SS&sz=N.&ctrl=73&id=740A64294440D35918C01FF7F6FC170A&NVMe=1&svrid=86407,,SuperMicro,,"{""SMC Part #"": ""HDS-XUN-XP1920LE10002"", ""Manufacturer"": ""Seagate"", ""Manufacturer Part #"": ""XP1920LE10002"", ""Capacity"": ""1920GB"", ""MTBF/MTTF"": ""2.0M"", ""DWPD"": ""0.3"", ""EOL Date"": ""2019/05/30""}"
Part,HDS-XUN-XP1920LE10002,,,NVMe,U.2 7mm,"HDS-XUN-XP1920LE10002,MBD-X11DPG-SN",,,https://www.supermicro.com/support/resources/HDD/display.cfm?Category=SS&sz=N.&ctrl=73&id=740A64294440D35918C01FF7F6FC170A&NVMe=1&svrid=86407,,SuperMicro,,"{""SMC Part #"": ""HDS-XUN-XP1920LE10002"", ""Manufacturer"": ""Seagate"", ""Manufacturer Part #"": ""XP1920LE10002"", ""Capacity"": ""1920GB"", ""MTBF/MTTF"": ""2.0M"", ""DWPD"": ""0.3"", ""EOL Date"": ""2019/05/30""}"
Part,HDS-XUN-XP1600HE10002,,,NVMe,U.2 7mm,"HDS-XUN-XP1600HE10002,SYS-1029GP-TR",,,https://www.supermicro.com/support/resources/HDD/display.cfm?Category=SS&sz=N.&ctrl=73&id=740A64294440D35918C01FF7F6FC170A&NVMe=1&svrid=86407,,SuperMicro,,"{""SMC Part #"": ""HDS-XUN-XP1600HE10002"", ""Manufacturer"": ""Seagate"", ""Manufacturer Part #"": ""XP1600HE10002"", ""Capacity"": ""1600GB"", ""MTBF/MTTF"": ""2.0M"", ""DWPD"": ""1.5"", ""EOL Date"": ""2019/05/30""}"
Part,HDS-XUN-XP1600HE10002,,,NVMe,U.2 7mm,"HDS-XUN-XP1600HE10002,MBD-X11DPG-SN",,,https://www.supermicro.com/support/resources/HDD/display.cfm?Category=SS&sz=N.&ctrl=73&id=740A64294440D35918C01FF7F6FC170A&NVMe=1&svrid=86407,,SuperMicro,,"{""SMC Part #"": ""HDS-XUN-XP1600HE10002"", ""Manufacturer"": ""Seagate"", ""Manufacturer Part #"": ""XP1600HE10002"", ""Capacity"": ""1600GB"", ""MTBF/MTTF"": ""2.0M"", ""DWPD"": ""1.5"", ""EOL Date"": ""2019/05/30""}"
Part,HDD-2T2000-ST2000NX0243,,,drive,2.5,"HDD-2T2000-ST2000NX0243,AS-1123US-TN10RT",,,https://www.supermicro.com/support/resources/HDD/display.cfm?Category=MB&sz=2.5&id=1A71837CC53131EE11E4A774982094D6&NVMe=0&ctrl=81,,SuperMicro,,"{""SMC Part #"": ""HDD-2T2000-ST2000NX0243"", ""Manufacturer"": ""Seagate"", ""Manufacturer Part #"": ""ST2000NX0243"", ""Interface"": ""SATA3"", ""Capacity"": ""2000GB"", ""Buffer"": ""128MB"", ""Transfer Rate"": ""6.0Gb/sec"", ""MTBF/MTTF"": ""2.0M"", ""rpm"": ""7200"", ""Sector"": ""4kN"", ""EOL Date"": """", ""Buy"": """", ""controller"": ""AMD SP3 SATA""}"
Part,HDD-2T2000-ST2000NX0243,,,drive,2.5,"HDD-2T2000-ST2000NX0243,MBD-H11DSU-IN",,,https://www.supermicro.com/support/resources/HDD/display.cfm?Category=MB&sz=2.5&id=1A71837CC53131EE11E4A774982094D6&NVMe=0&ctrl=81,,SuperMicro,,"{""SMC Part #"": ""HDD-2T2000-ST2000NX0243"", ""Manufacturer"": ""Seagate"", ""Manufacturer Part #"": ""ST2000NX0243"", ""Interface"": ""SATA3"", ""Capacity"": ""2000GB"", ""Buffer"": ""128MB"", ""Transfer Rate"": ""6.0Gb/sec"", ""MTBF/MTTF"": ""2.0M"", ""rpm"": ""7200"", ""Sector"": ""4kN"", ""EOL Date"": """", ""Buy"": """", ""controller"": ""AMD SP3 SATA""}"
Part,HDD-2T2000-ST2000NX0253,,,drive,2.5,"HDD-2T2000-ST2000NX0253,AS-1123US-TN10RT",,,https://www.supermicro.com/support/resources/HDD/display.cfm?Category=MB&sz=2.5&id=1A71837CC53131EE11E4A774982094D6&NVMe=0&ctrl=81,,SuperMicro,,"{""SMC Part #"": ""HDD-2T2000-ST2000NX0253"", ""Manufacturer"": ""Seagate"", ""Manufacturer Part #"": ""ST2000NX0253"", ""Interface"": ""SATA3"", ""Capacity"": ""2000GB"", ""Buffer"": ""128MB"", ""Transfer Rate"": ""6.0Gb/sec"", ""MTBF/MTTF"": ""2.0M"", ""rpm"": ""7200"", ""Sector"": ""512E"", ""EOL Date"": """", ""Buy"": """", ""controller"": ""AMD SP3 SATA""}"
Part,HDD-2T2000-ST2000NX0253,,,drive,2.5,"HDD-2T2000-ST2000NX0253,MBD-H11DSU-IN",,,https://www.supermicro.com/support/resources/HDD/display.cfm?Category=MB&sz=2.5&id=1A71837CC53131EE11E4A774982094D6&NVMe=0&ctrl=81,,SuperMicro,,"{""SMC Part #"": ""HDD-2T2000-ST2000NX0253"", ""Manufacturer"": ""Seagate"", ""Manufacturer Part #"": ""ST2000NX0253"", ""Interface"": ""SATA3"", ""Capacity"": ""2000GB"", ""Buffer"": ""128MB"", ""Transfer Rate"": ""6.0Gb/sec"", ""MTBF/MTTF"": ""2.0M"", ""rpm"": ""7200"", ""Sector"": ""512E"", ""EOL Date"": """", ""Buy"": """", ""controller"": ""AMD SP3 SATA""}"
Part,HDD-2T2000-ST2000NX0403,,,drive,2.5,"HDD-2T2000-ST2000NX0403,AS-1123US-TN10RT",,,https://www.supermicro.com/support/resources/HDD/display.cfm?Category=MB&sz=2.5&id=1A71837CC53131EE11E4A774982094D6&NVMe=0&ctrl=81,,SuperMicro,,"{""SMC Part #"": ""HDD-2T2000-ST2000NX0403"", ""Manufacturer"": ""Seagate"", ""Manufacturer Part #"": ""ST2000NX0403"", ""Interface"": ""SATA3"", ""Capacity"": ""2000GB"", ""Buffer"": ""128MB"", ""Transfer Rate"": ""6.0Gb/sec"", ""MTBF/MTTF"": ""2.0M"", ""rpm"": ""7200"", ""Sector"": ""512N"", ""EOL Date"": """", ""Buy"": """", ""controller"": ""AMD SP3 SATA""}"
Part,HDD-2T2000-ST2000NX0403,,,drive,2.5,"HDD-2T2000-ST2000NX0403,MBD-H11DSU-IN",,,https://www.supermicro.com/support/resources/HDD/display.cfm?Category=MB&sz=2.5&id=1A71837CC53131EE11E4A774982094D6&NVMe=0&ctrl=81,,SuperMicro,,"{""SMC Part #"": ""HDD-2T2000-ST2000NX0403"", ""Manufacturer"": ""Seagate"", ""Manufacturer Part #"": ""ST2000NX0403"", ""Interface"": ""SATA3"", ""Capacity"": ""2000GB"", ""Buffer"": ""128MB"", ""Transfer Rate"": ""6.0Gb/sec"", ""MTBF/MTTF"": ""2.0M"", ""rpm"": ""7200"", ""Sector"": ""512N"", ""EOL Date"": """", ""Buy"": """", ""controller"": ""AMD SP3 SATA""}"
Part,HDD-2T1000-ST1000NX0303,,,drive,2.5,"HDD-2T1000-ST1000NX0303,AS-1123US-TN10RT",,,https://www.supermicro.com/support/resources/HDD/display.cfm?Category=MB&sz=2.5&id=1A71837CC53131EE11E4A774982094D6&NVMe=0&ctrl=81,,SuperMicro,,"{""SMC Part #"": ""HDD-2T1000-ST1000NX0303"", ""Manufacturer"": ""Seagate"", ""Manufacturer Part #"": ""ST1000NX0303"", ""Interface"": ""SATA3"", ""Capacity"": ""1000GB"", ""Buffer"": ""128MB"", ""Transfer Rate"": ""6.0Gb/sec"", ""MTBF/MTTF"": ""2.0M"", ""rpm"": ""7200"", ""Sector"": ""4kN"", ""EOL Date"": """", ""Buy"": """", ""controller"": ""AMD SP3 SATA""}"
Part,HDD-2T1000-ST1000NX0303,,,drive,2.5,"HDD-2T1000-ST1000NX0303,MBD-H11DSU-IN",,,https://www.supermicro.com/support/resources/HDD/display.cfm?Category=MB&sz=2.5&id=1A71837CC53131EE11E4A774982094D6&NVMe=0&ctrl=81,,SuperMicro,,"{""SMC Part #"": ""HDD-2T1000-ST1000NX0303"", ""Manufacturer"": ""Seagate"", ""Manufacturer Part #"": ""ST1000NX0303"", ""Interface"": ""SATA3"", ""Capacity"": ""1000GB"", ""Buffer"": ""128MB"", ""Transfer Rate"": ""6.0Gb/sec"", ""MTBF/MTTF"": ""2.0M"", ""rpm"": ""7200"", ""Sector"": ""4kN"", ""EOL Date"": """", ""Buy"": """", ""controller"": ""AMD SP3 SATA""}"
Part,HDD-2T1000-ST1000NX0313,,,drive,2.5,"HDD-2T1000-ST1000NX0313,AS-1123US-TN10RT",,,https://www.supermicro.com/support/resources/HDD/display.cfm?Category=MB&sz=2.5&id=1A71837CC53131EE11E4A774982094D6&NVMe=0&ctrl=81,,SuperMicro,,"{""SMC Part #"": ""HDD-2T1000-ST1000NX0313"", ""Manufacturer"": ""Seagate"", ""Manufacturer Part #"": ""ST1000NX0313"", ""Interface"": ""SATA3"", ""Capacity"": ""1000GB"", ""Buffer"": ""128MB"", ""Transfer Rate"": ""6.0Gb/sec"", ""MTBF/MTTF"": ""2.0M"", ""rpm"": ""7200"", ""Sector"": ""512E"", ""EOL Date"": """", ""Buy"": """", ""controller"": ""AMD SP3 SATA""}"
Part,HDD-2T1000-ST1000NX0313,,,drive,2.5,"HDD-2T1000-ST1000NX0313,MBD-H11DSU-IN",,,https://www.supermicro.com/support/resources/HDD/display.cfm?Category=MB&sz=2.5&id=1A71837CC53131EE11E4A774982094D6&NVMe=0&ctrl=81,,SuperMicro,,"{""SMC Part #"": ""HDD-2T1000-ST1000NX0313"", ""Manufacturer"": ""Seagate"", ""Manufacturer Part #"": ""ST1000NX0313"", ""Interface"": ""SATA3"", ""Capacity"": ""1000GB"", ""Buffer"": ""128MB"", ""Transfer Rate"": ""6.0Gb/sec"", ""MTBF/MTTF"": ""2.0M"", ""rpm"": ""7200"", ""Sector"": ""512E"", ""EOL Date"": """", ""Buy"": """", ""controller"": ""AMD SP3 SATA""}"
Part,HDD-2T1000-ST1000NX0423,,,drive,2.5,"HDD-2T1000-ST1000NX0423,AS-1123US-TN10RT",,,https://www.supermicro.com/support/resources/HDD/display.cfm?Category=MB&sz=2.5&id=1A71837CC53131EE11E4A774982094D6&NVMe=0&ctrl=81,,SuperMicro,,"{""SMC Part #"": ""HDD-2T1000-ST1000NX0423"", ""Manufacturer"": ""Seagate"", ""Manufacturer Part #"": ""ST1000NX0423"", ""Interface"": ""SATA3"", ""Capacity"": ""1000GB"", ""Buffer"": ""128MB"", ""Transfer Rate"": ""6.0Gb/sec"", ""MTBF/MTTF"": ""2.0M"", ""rpm"": ""7200"", ""Sector"": ""512N"", ""EOL Date"": """", ""Buy"": """", ""controller"": ""AMD SP3 SATA""}"
Part,HDD-2T1000-ST1000NX0423,,,drive,2.5,"HDD-2T1000-ST1000NX0423,MBD-H11DSU-IN",,,https://www.supermicro.com/support/resources/HDD/display.cfm?Category=MB&sz=2.5&id=1A71837CC53131EE11E4A774982094D6&NVMe=0&ctrl=81,,SuperMicro,,"{""SMC Part #"": ""HDD-2T1000-ST1000NX0423"", ""Manufacturer"": ""Seagate"", ""Manufacturer Part #"": ""ST1000NX0423"", ""Interface"": ""SATA3"", ""Capacity"": ""1000GB"", ""Buffer"": ""128MB"", ""Transfer Rate"": ""6.0Gb/sec"", ""MTBF/MTTF"": ""2.0M"", ""rpm"": ""7200"", ""Sector"": ""512N"", ""EOL Date"": """", ""Buy"": """", ""controller"": ""AMD SP3 SATA""}"
Part,HDD-2T2000-ST2000NX0303,,,drive,2.5,"HDD-2T2000-ST2000NX0303,AS-1123US-TN10RT",,,https://www.supermicro.com/support/resources/HDD/display.cfm?Category=MB&sz=2.5&id=1A71837CC53131EE11E4A774982094D6&NVMe=0&ctrl=81,,SuperMicro,,"{""SMC Part #"": ""HDD-2T2000-ST2000NX0303"", ""Manufacturer"": ""Seagate"", ""Manufacturer Part #"": ""ST2000NX0303"", ""Interface"": ""SATA3"", ""Capacity"": ""2000GB"", ""Buffer"": ""128MB"", ""Transfer Rate"": ""6.0Gb/sec"", ""MTBF/MTTF"": ""2.0M"", ""rpm"": ""7200"", ""Sector"": ""512E"", ""EOL Date"": """", ""Buy"": """", ""controller"": ""AMD SP3 SATA""}"
Part,HDD-2T2000-ST2000NX0303,,,drive,2.5,"HDD-2T2000-ST2000NX0303,MBD-H11DSU-IN",,,https://www.supermicro.com/support/resources/HDD/display.cfm?Category=MB&sz=2.5&id=1A71837CC53131EE11E4A774982094D6&NVMe=0&ctrl=81,,SuperMicro,,"{""SMC Part #"": ""HDD-2T2000-ST2000NX0303"", ""Manufacturer"": ""Seagate"", ""Manufacturer Part #"": ""ST2000NX0303"", ""Interface"": ""SATA3"", ""Capacity"": ""2000GB"", ""Buffer"": ""128MB"", ""Transfer Rate"": ""6.0Gb/sec"", ""MTBF/MTTF"": ""2.0M"", ""rpm"": ""7200"", ""Sector"": ""512E"", ""EOL Date"": """", ""Buy"": """", ""controller"": ""AMD SP3 SATA""}"
Part,HDD-2T1000-ST1000NX0353,,,drive,2.5,"HDD-2T1000-ST1000NX0353,AS-1123US-TN10RT",,,https://www.supermicro.com/support/resources/HDD/display.cfm?Category=MB&sz=2.5&id=1A71837CC53131EE11E4A774982094D6&NVMe=0&ctrl=81,,SuperMicro,,"{""SMC Part #"": ""HDD-2T1000-ST1000NX0353"", ""Manufacturer"": ""Seagate"", ""Manufacturer Part #"": ""ST1000NX0353"", ""Interface"": ""SATA3"", ""Capacity"": ""1000GB"", ""Buffer"": ""128MB"", ""Transfer Rate"": ""6.0Gb/sec"", ""MTBF/MTTF"": ""2.0M"", ""rpm"": ""7200"", ""Sector"": ""512E"", ""EOL Date"": """", ""Buy"": """", ""controller"": ""AMD SP3 SATA""}"
Part,HDD-2T1000-ST1000NX0353,,,drive,2.5,"HDD-2T1000-ST1000NX0353,MBD-H11DSU-IN",,,https://www.supermicro.com/support/resources/HDD/display.cfm?Category=MB&sz=2.5&id=1A71837CC53131EE11E4A774982094D6&NVMe=0&ctrl=81,,SuperMicro,,"{""SMC Part #"": ""HDD-2T1000-ST1000NX0353"", ""Manufacturer"": ""Seagate"", ""Manufacturer Part #"": ""ST1000NX0353"", ""Interface"": ""SATA3"", ""Capacity"": ""1000GB"", ""Buffer"": ""128MB"", ""Transfer Rate"": ""6.0Gb/sec"", ""MTBF/MTTF"": ""2.0M"", ""rpm"": ""7200"", ""Sector"": ""512E"", ""EOL Date"": """", ""Buy"": """", ""controller"": ""AMD SP3 SATA""}"
Host,,MBD-X9DRT-PIBF,X9DRT-PIBF,,,MBD-X9DRT-PIBF,Supermicro | Products | Motherboards | Xeon® Boards | X9DRT-PIBF,Products>Motherboards>Xeon® Boards>X9DRT-PIBF,https://www.supermicro.com/products/motherboard/Xeon/C600/X9DRT-PIBF.cfm,/a_images/products/X9/C600/X9DRT-PIBQ_spec.jpg,SuperMicro,,"{""Chassis Form Factor"": [""Proprietary Twin""], ""CPU"": [""Intel\u00ae Xeon\u00ae processor E5-2600 \n\u00a0\u00a0\u00a0 and E5-2600 v2 family\u2020\n\u00a0\u00a0\u00a0 (up to 130W TDP **)"", ""Dual Socket R (LGA 2011)""], ""Memory Capacity"": [""16x 240-pin DDR3 DIMM slots"", ""Up to 1TB DDR3 ECC LRDIMM"", ""Up to 512GB DDR3 ECC RDIMM"", ""Up to 128GB DDR3 ECC/non-ECC UDIMM""], ""Memory Type"": [""1866/1600/1333/1066/800MHz* ECC DDR3 SDRAM 72-bit, 240-pin gold-plated DIMMs"", ""Support ECC and non-ECC UDIMMs* Maximum memory speed may be capped by CPU. Please verify that the chosen CPU can support desired memory speed.""], ""DIMM Sizes"": [""32GB, 16GB, 8GB, 4GB, 2GB, 1GB,\u00a064GB LRDIMM""], ""Memory Voltage"": [""1.5 V, 1.35 V""], ""ECC"": [""Corrects single-bit errors"", ""Detects double-bit errors (using ECC memory)""]}"
Part,HDS-IUN2-SSDPE2KX080T8,,,NVMe,U.2 15mm,"HDS-IUN2-SSDPE2KX080T8,SYS-1029GP-TR",,,https://www.supermicro.com/support/resources/HDD/display.cfm?Category=SS&sz=N.&ctrl=73&id=740A64294440D35918C01FF7F6FC170A&NVMe=1&formfactor=u2_15mm&svrid=86407,,SuperMicro,,"{""SMC Part #"": ""HDS-IUN2-SSDPE2KX080T8"", ""Manufacturer"": ""Intel"", ""Manufacturer Part #"": ""SSDPE2KX080T8"", ""Capacity"": ""8000GB"", ""MTBF/MTTF"": ""2,000,000"", ""DWPD"": ""1"", ""EOL Date"": """"}"
